language,model_name,unit_of_analysis,f1-micro_mean,f1-micro_std,precision-micro_mean,precision-micro_std,recall-micro_mean,recall-micro_std,roc-auc_mean,roc-auc_std,accuracy_mean,accuracy_std
en,EleutherAI-gpt-neo-1.3B,raw_text,0.6803382315968746,0.0215896218116801,0.7570356551631635,0.0362010370549741,0.6180276059998921,0.0150410432365122,0.7701650311381517,0.0107449969617405,0.1167437327168049,0.026871668052103
en,EleutherAI-gpt-neo-1.3B,title,0.6198358581849109,0.0285033548730649,0.6988415912789333,0.0392433320284583,0.5578610769854242,0.0340082934963824,0.7316422469146363,0.015480343439094,0.0583435332517339,0.0114925115943549
en,EleutherAI-gpt-neo-1.3B,title_and_10_sentences,0.6784072886985001,0.024101644542284,0.7716417651919105,0.0225768198617582,0.6053010128486518,0.0245339965528945,0.7676390897759582,0.0144186142370957,0.1147377487646765,0.0339660742823226
en,EleutherAI-gpt-neo-1.3B,title_and_5_sentences,0.6599229663513989,0.0179658402894897,0.7440413839520598,0.0360812971685995,0.5931651638568658,0.0064031428271127,0.7564392171402611,0.0095654771182757,0.095323904075434,0.0293976428601942
en,EleutherAI-gpt-neo-1.3B,title_and_first_paragraph,0.669201303143839,0.0175635731774743,0.760164281809048,0.0411029166225364,0.5983083635671521,0.0143120666909832,0.762167566309619,0.0088211725424107,0.1030758420599301,0.0240629777223419
en,EleutherAI-gpt-neo-1.3B,title_and_first_sentence_each_paragraph,0.6720216176315633,0.0156755485090043,0.7671407948735561,0.0261530620412303,0.5979682821747321,0.0097669830898368,0.7635145209532929,0.0072990124204628,0.1011151910784713,0.0259835344334023
en,EleutherAI-gpt-neo-125M,raw_text,0.6025595700666596,0.0240150414741136,0.6823358824490727,0.0394959811683452,0.5398102954475531,0.0183131301296228,0.7207231694098274,0.0128241097057909,0.0583435332517339,0.0153190565378253
en,EleutherAI-gpt-neo-125M,title,0.5248425270622828,0.023618774335399,0.621308687200957,0.0725346913723284,0.4561958779293275,0.0061774912423747,0.6728879446736915,0.0128178078661103,0.0272111156444081,0.0187124672560309
en,EleutherAI-gpt-neo-125M,title_and_10_sentences,0.6239418508141678,0.0206329370607819,0.6995051762823818,0.035076608536157,0.5633197207952763,0.0127992645419694,0.7343041854712192,0.0098676519974495,0.0739267419193979,0.0032562321299151
en,EleutherAI-gpt-neo-125M,title_and_5_sentences,0.6173315026647924,0.0045076260337513,0.7146463996843065,0.0381199064827549,0.5443701725491022,0.0154903785637193,0.7294943074626824,0.0014920709391672,0.0602928509905254,0.0220512635731064
en,EleutherAI-gpt-neo-125M,title_and_first_paragraph,0.5871615647587076,0.0191667762821947,0.6723936693017848,0.0496673338450338,0.5220299775995825,0.0072559653724505,0.7107427320573213,0.0096073072767558,0.0506029285099052,0.0122691603953551
en,EleutherAI-gpt-neo-125M,title_and_first_sentence_each_paragraph,0.6232351439099238,0.0063990853505129,0.6970260638897009,0.0171159424552108,0.5637463623666046,0.0073932993131937,0.7339162605013293,0.0026187613560624,0.0700507729271499,0.0102386235430369
en,bert-base-multilingual-cased,raw_text,0.6983363976345304,0.0143099580174443,0.7566294250912385,0.0255688626246558,0.6487718157697846,0.0167644803041041,0.7834921869430037,0.0068965682339243,0.0992452060383516,0.0204067205847835
en,bert-base-multilingual-cased,title,0.6388703184277129,0.02909553920832,0.7006033833020956,0.0439866122590763,0.587308033522854,0.0183996442640628,0.7445756883012001,0.0152196204854148,0.0699827734711455,0.0264835912066093
en,bert-base-multilingual-cased,title_and_10_sentences,0.6960248425117133,0.014571004921572,0.7542571571357178,0.0171916063788211,0.646180280527677,0.0138515293584572,0.7818894101749051,0.0071658116670721,0.1070198105081826,0.0091877515579967
en,bert-base-multilingual-cased,title_and_5_sentences,0.6927470726892753,0.0091561670090859,0.7522505082825665,0.012364546730514,0.6421309636074654,0.0140062950465654,0.779676120706121,0.0057198096862215,0.1069971440228478,0.0120753613180332
en,bert-base-multilingual-cased,title_and_first_paragraph,0.6752123390364951,0.0100359504708919,0.7464849699999583,0.0202595223221649,0.6169559921995208,0.0215203045568549,0.767385596523102,0.0066153893402776,0.0895439503150641,0.022354047643463
en,bert-base-multilingual-cased,title_and_first_sentence_each_paragraph,0.6893071129286935,0.0142924646894535,0.7506139815787064,0.0197851389134571,0.6379325607026244,0.0265965658488588,0.7773835497426599,0.009125836798253,0.1030871753025975,0.0117927604437602
en,distilbert-base-multilingual-cased,raw_text,0.6837873720767332,0.0177171457301393,0.7458169644163785,0.0284204318711995,0.6314337590163058,0.011834268779866,0.7735592087889489,0.0087238284802153,0.1050478262840564,0.0209986331513173
en,distilbert-base-multilingual-cased,title,0.6000140485956752,0.0457205165383615,0.6840563564485281,0.0663215284775677,0.5350701497032183,0.0369381964125339,0.7190663693376026,0.0254539202371693,0.0485969445577768,0.0203245964259903
en,distilbert-base-multilingual-cased,title_and_10_sentences,0.6809925166786487,0.0105414343811024,0.735633616986379,0.0302072800861536,0.6343595459815382,0.0054717286370484,0.772538474336582,0.002772995101875,0.1069858107801804,0.0119046314432772
en,distilbert-base-multilingual-cased,title_and_5_sentences,0.6736029268841565,0.013533784950084,0.727690633565782,0.0240679833066444,0.6272054920689821,0.0111288502354626,0.7676863501628383,0.0060029095520256,0.0973072215422276,0.0223086929496922
en,distilbert-base-multilingual-cased,title_and_first_paragraph,0.6483939222369072,0.012387459201505,0.7335095077669335,0.024401368341422,0.5811862691682368,0.0100373414155872,0.7492039595247056,0.0051271464091807,0.0836506641280203,0.0178124939509877
en,distilbert-base-multilingual-cased,title_and_first_sentence_each_paragraph,0.6827215782397316,0.0250391505503189,0.7356106010276279,0.0483130757299438,0.6374789699234609,0.0077942958293694,0.7738364782436253,0.0119284021387172,0.1147150822793417,0.0316997827424112
en,facebook-mbart-large-50,raw_text,0.7067557134506384,0.0027369006551191,0.763344228196257,0.014135589501922,0.6581941488945251,0.0099191025003982,0.7891664177627491,0.0034473092759227,0.1147717484926787,0.0133039477374799
en,facebook-mbart-large-50,title,0.6550467401541479,0.0132207612839967,0.7091035691319227,0.0261933901231191,0.6089158198790074,0.0095819520600847,0.7555409516384183,0.0051912480977847,0.0875719660909379,0.0156404784877125
en,facebook-mbart-large-50,title_and_10_sentences,0.7054443462582943,0.0126527762443713,0.7552172673515444,0.0249086184419375,0.6623232073625948,0.018270048026044,0.7891168448604368,0.0067865064559821,0.0913572691418468,0.0406669011254189
en,facebook-mbart-large-50,title_and_5_sentences,0.7053835283842372,0.0080666629236539,0.7616513708788238,0.0164780696191729,0.657013649537372,0.0093335641257861,0.7882877697920844,0.0041878536284818,0.1206083684663856,0.0186477685925877
en,facebook-mbart-large-50,title_and_first_paragraph,0.6980047747982919,0.0131221040593202,0.7583404533936996,0.0201192633873433,0.6467677238103952,0.0150986396740163,0.783070220574526,0.0085397321844662,0.0953465705607688,0.0136548737830912
en,facebook-mbart-large-50,title_and_first_sentence_each_paragraph,0.7100974723603825,0.0071904748840071,0.7721177077778503,0.0226429875486779,0.657671816598257,0.0117636877418258,0.7908557425350285,0.0039887903607796,0.1186363842422593,0.0183333057452885
en,gpt2,raw_text,0.6644778931329302,0.0206314093714956,0.6328309214379978,0.03862440002591,0.7004163702492369,0.0027629894797152,0.7704955084598525,0.0082810799041819,0.0661634706922344,0.0136044803898556
en,gpt2,title,0.6432551673433123,0.0298096185343336,0.683669160168376,0.0357133082872368,0.6073767611597937,0.0250014826592028,0.7487878663046542,0.0163409332154893,0.0817693458452332,0.0269656856315992
en,gpt2,title_and_10_sentences,0.6641391951520653,0.0017508444537111,0.6831941567963424,0.0429305278049368,0.6491880038418562,0.037739432267975,0.7652100131687664,0.0075741058585988,0.0739720748900675,0.0237732831260916
en,gpt2,title_and_5_sentences,0.6620243315606799,0.014752862493088,0.6863284433049386,0.040977007670384,0.6404789984211746,0.0108993416617705,0.7627623128873277,0.0060011503542999,0.0758533931728546,0.0152810906612501
en,gpt2,title_and_first_paragraph,0.6775054850937755,0.0148881254733477,0.7140709120626468,0.0522021254060298,0.6465611652676111,0.0204539013418431,0.7722163792567214,0.0050820424282032,0.0855999818668117,0.0088819585172016
en,gpt2,title_and_first_sentence_each_paragraph,0.6646206056823706,0.0151380181214426,0.6612469023378215,0.0366388292306193,0.6696932236297144,0.0262031639488681,0.7672824257440154,0.0060287570891962,0.0719660909379391,0.008673685353034
en,xlm-roberta-large,raw_text,0.7033016500297076,0.0053151836624116,0.7501441128685166,0.031681446864674,0.6628276646088889,0.0149625320297789,0.7881367799036747,0.0017520070170917,0.1011265243211387,0.0183914435917501
en,xlm-roberta-large,title,0.66893069278493,0.0007126534980314,0.7178369814816792,0.023413439573277,0.6270083373379778,0.0183009813963302,0.7650468982508354,0.0035698379784517,0.0894759508590598,0.0086182660052029
en,xlm-roberta-large,title_and_10_sentences,0.7104759736521827,0.0148123066089137,0.7614820628157579,0.0155557243547199,0.6658968813915177,0.0148984116306259,0.7921321796502099,0.0076339914440601,0.1050478262840564,0.0153541933457343
en,xlm-roberta-large,title_and_5_sentences,0.7041604996494882,0.0021793110416729,0.7485099843080647,0.0048373131405584,0.6647977154636445,0.0040774068176626,0.7885553440286707,0.0032362146651413,0.1050818260120585,0.0204167540957197
en,xlm-roberta-large,title_and_first_paragraph,0.6994854060484545,0.0107720458449148,0.7625054791242416,0.0234239839237675,0.6473986120095264,0.0337634803038293,0.7840685507137509,0.0121850070966677,0.1031438415159345,0.0180893997050837
en,xlm-roberta-large,title_and_first_sentence_each_paragraph,0.7067435763690049,0.0075530330179636,0.7362640876500635,0.022255168039832,0.6798133213235206,0.0061007957602898,0.7922547230301441,0.0014139054438897,0.1186363842422593,0.0201123646842442
fr,EleutherAI-gpt-neo-1.3B,raw_text,0.4914776373975529,0.0220262888333292,0.64595337995338,0.0142713298592168,0.3967645803974993,0.0232464241757232,0.668866896268303,0.0132201994757837,0.0759221998658618,0.0332262150477744
fr,EleutherAI-gpt-neo-1.3B,title,0.4326442834226663,0.0228708584028404,0.5222071970550672,0.0213075372767493,0.3697265977659674,0.0266534791497226,0.6390271670929067,0.0134112224909027,0.0427230046948356,0.0248605642631766
fr,EleutherAI-gpt-neo-1.3B,title_and_10_sentences,0.4821402377810619,0.0391727191177837,0.6358008831030414,0.0112668261009048,0.3893328252184128,0.0462424118983258,0.6645247576169672,0.0222586946294873,0.080617035546613,0.0167936747160524
fr,EleutherAI-gpt-neo-1.3B,title_and_5_sentences,0.4952190064464581,0.0203811509257423,0.5762555364152572,0.0174378784304485,0.4345800783118836,0.0268141102581292,0.6737315614804663,0.0140233878184446,0.0756539235412474,0.0429453753997923
fr,EleutherAI-gpt-neo-1.3B,title_and_first_paragraph,0.484928929862302,0.0478820486063907,0.6542245458588233,0.042777332910687,0.3882747670927515,0.0587004134462281,0.6662395773996256,0.0261267484645137,0.0663983903420523,0.0087125292131231
fr,EleutherAI-gpt-neo-1.3B,title_and_first_sentence_each_paragraph,0.4982234719015095,0.0436731315024494,0.6224417821477628,0.0348587329661373,0.4180119486713451,0.0582621539907902,0.6746343045385249,0.025753129631771,0.0900737759892689,0.008617528736639
fr,EleutherAI-gpt-neo-125M,raw_text,0.3942204672472346,0.0167303842823609,0.5386200716845878,0.017673240530242,0.3111833358125119,0.0187506593919254,0.6194376356321808,0.0100123065688798,0.0472837022132796,0.0409519767345022
fr,EleutherAI-gpt-neo-125M,title,0.2877503413346007,0.0343966331842547,0.4595089270760057,0.1056226539314452,0.2197711206537046,0.0573129202645875,0.5710478443728403,0.0074741486460588,0.0189805499664654,0.0083065537619436
fr,EleutherAI-gpt-neo-125M,title_and_10_sentences,0.3874424518326957,0.0406205349425712,0.5373580544668877,0.012772003535832,0.3040920951830799,0.0447925709275364,0.6167557903144895,0.0211514019270833,0.0378940308517773,0.0080792496406857
fr,EleutherAI-gpt-neo-125M,title_and_5_sentences,0.4049082517167623,0.0298397146382061,0.5332912395384539,0.0448158129389579,0.3312973909526749,0.0556290152274982,0.6257671471567838,0.0177975717442971,0.0189134808853118,0.0163807906938009
fr,EleutherAI-gpt-neo-125M,title_and_first_paragraph,0.3676013478067303,0.0058179892115255,0.5004586353270564,0.0584288991989873,0.2939627567417411,0.0297966987395741,0.606250628761703,0.0032077969722939,0.0331321260898725,0.0163242616438626
fr,EleutherAI-gpt-neo-125M,title_and_first_sentence_each_paragraph,0.4166851786206624,0.0308564107868364,0.5253284870228877,0.0388858571872623,0.3455551272195604,0.0281068611393788,0.6300572605108,0.017634276531891,0.0521797451374916,0.0166727044892684
fr,bert-base-multilingual-cased,raw_text,0.57017406598692,0.0087544868251975,0.6072952938795068,0.0397206042422864,0.5387686980959011,0.0149287108936775,0.7215874092907589,0.0027433945937835,0.0853789403085177,0.0516504650518733
fr,bert-base-multilingual-cased,title,0.4708091546696198,0.0302069947645993,0.5749050004369153,0.0437576494981259,0.3987074952372305,0.0226602538267156,0.659342132785398,0.0135540731115555,0.0522468142186452,0.0298996491274398
fr,bert-base-multilingual-cased,title_and_10_sentences,0.5676913781156046,0.023804208011798,0.6158009751617651,0.0324789625758365,0.5268120560389864,0.0215003130019596,0.7185959957784142,0.016354337697542,0.0853118712273641,0.0428628102920865
fr,bert-base-multilingual-cased,title_and_5_sentences,0.5147907546015158,0.0247261911795477,0.5771509907649394,0.0249905597181354,0.4667546101860597,0.0465584485781594,0.6869568921900102,0.018527896530822,0.0568745808182427,0.0004646682246998
fr,bert-base-multilingual-cased,title_and_first_paragraph,0.5060584400864202,0.026351896060669,0.595165543198588,0.0271040180388518,0.44107484401371,0.0355060355519733,0.6798909695399845,0.0167600864100585,0.0663313212608987,0.0079733262728948
fr,bert-base-multilingual-cased,title_and_first_sentence_each_paragraph,0.562482810097794,0.0331877966378892,0.633800810551126,0.0238174210960425,0.5058131441847536,0.0386775940224265,0.7132596511959933,0.021068025683943,0.0947686116700201,0.0216828229835783
fr,distilbert-base-multilingual-cased,raw_text,0.5606140485247688,0.0338563460322582,0.6204190616582587,0.034284561355674,0.5117828482275596,0.038206377616231,0.7135139393060941,0.0196832860018459,0.0901408450704225,0.0332856626550903
fr,distilbert-base-multilingual-cased,title,0.4548962796299809,0.0149695469023821,0.5569072241661562,0.0355413226666842,0.3854329929372672,0.0201940384711957,0.6510140234225417,0.0076975114973922,0.0664654594232059,0.02215138540174
fr,distilbert-base-multilingual-cased,title_and_10_sentences,0.5332094556834693,0.0099743834078704,0.6071959853877151,0.0163634743615904,0.4756601930484838,0.0166103431021083,0.6960857081768267,0.0072922790356339,0.0663983903420523,0.0167328956831322
fr,distilbert-base-multilingual-cased,title_and_5_sentences,0.506653128069194,0.0168469272245856,0.5627770247827694,0.0267471090466144,0.4619892016962392,0.0295619325075025,0.6818226168200324,0.0074492235973622,0.0804828973843058,0.0212137711921081
fr,distilbert-base-multilingual-cased,title_and_first_paragraph,0.511319486747306,0.0239829305304931,0.5842415332769387,0.0331158626523838,0.454782349842652,0.0209387250513826,0.683491088940762,0.0128942013308745,0.0662642521797451,0.0212997928372544
fr,distilbert-base-multilingual-cased,title_and_first_sentence_each_paragraph,0.542249817389932,0.0341220248474262,0.6200638745003046,0.0603087313582865,0.484794951825126,0.0453770480182763,0.7016025636332551,0.0216299400619484,0.0900067069081153,0.0161045419608498
fr,facebook-mbart-large-50,raw_text,0.5954374393899321,0.0153735705912751,0.6518043174723414,0.0323389702469557,0.5485112774979232,0.0107280829378227,0.7344798613251203,0.0067793195058368,0.0995305164319248,0.0143088391253497
fr,facebook-mbart-large-50,title,0.5201497185100931,0.0257244413585166,0.5898302734002532,0.0504168034933063,0.4665872970479967,0.0268166671742196,0.6889911446199181,0.01581327688198,0.0806841046277666,0.0222613788289232
fr,facebook-mbart-large-50,title_and_10_sentences,0.578765280602551,0.016821636077368,0.6462762517171523,0.0353219640133332,0.5253903611188395,0.0278784489817109,0.7235901589350053,0.0120659434763128,0.0947015425888665,0.0155663855274466
fr,facebook-mbart-large-50,title_and_5_sentences,0.5628736179659634,0.0226671384044656,0.618512116358712,0.046298689148935,0.5217197047519121,0.06027576665576,0.7166738734836363,0.0211506034133454,0.0710261569416498,0.0136865302307463
fr,facebook-mbart-large-50,title_and_first_paragraph,0.5463088875831258,0.0181410257435657,0.6281723175864188,0.0153270485595383,0.4836519086784785,0.0240703397467901,0.7028087122038874,0.0131242694166892,0.0804158283031522,0.0352097345646915
fr,facebook-mbart-large-50,title_and_first_sentence_each_paragraph,0.5795739203173499,0.0135773125185113,0.650429756463276,0.0159834147615284,0.5231547919039254,0.0236253519306557,0.7231897679301156,0.0108879612356113,0.1136820925553319,0.0242377489220571
fr,gpt2,raw_text,0.5064260864966533,0.0197346847519916,0.5640841949900639,0.0235600693430084,0.4605541145442259,0.0329167124716768,0.681854694716057,0.0162835116642261,0.0663983903420523,0.0298702978877307
fr,gpt2,title,0.3806104133869656,0.0309408457290562,0.4859787399361868,0.06070633496855,0.3132994520638345,0.0173164710170046,0.6112870748815017,0.0144264129231995,0.052112676056338,0.0080256220020841
fr,gpt2,title_and_10_sentences,0.464924454630337,0.021484259277698,0.549326907265851,0.0229413126985029,0.4031151552060937,0.0214900704359193,0.6565013902073481,0.0151249935038394,0.0710261569416498,0.024402548536234
fr,gpt2,title_and_5_sentences,0.4194883077134491,0.034398948148233,0.5047353498984336,0.0326786102300216,0.3589953269727772,0.0340832458793431,0.6316390112003142,0.021262577801772,0.0519785378940308,0.0290619700822621
fr,gpt2,title_and_first_paragraph,0.424999737893884,0.0163440585165952,0.5140543828500034,0.0106854539327099,0.3623368144878241,0.0184378382917284,0.6346238603152522,0.0056231813712288,0.0474178403755868,0.0359932333787822
fr,gpt2,title_and_first_sentence_each_paragraph,0.4948626997928563,0.0373147195057317,0.5605311355311354,0.0424609319065219,0.4432990675308497,0.0362922632798874,0.6741880758827185,0.024293168452256,0.0709590878604963,0.0278701691129094
fr,xlm-roberta-large,raw_text,0.5919646852293265,0.0111528081685072,0.6344237667474016,0.0402153082815885,0.5574034681284809,0.0358993823425232,0.7348623930545779,0.01291125628526,0.104225352112676,0.0073185245390234
fr,xlm-roberta-large,title,0.5313460645099745,0.0225947378273742,0.5790218617139243,0.0108353272208324,0.4914069444359172,0.032809471632348,0.6972579593826307,0.0153477001303434,0.0853118712273641,0.0006970023370498
fr,xlm-roberta-large,title_and_10_sentences,0.5759061269247593,0.0155665478033601,0.5899001192605844,0.012783074383754,0.5626400103087872,0.0193440234475432,0.72807775143706,0.0118259025057345,0.0945674044265593,0.0425476016971507
fr,xlm-roberta-large,title_and_5_sentences,0.57375260427892,0.0298126740977077,0.6020800244748902,0.0371815072414127,0.5490825836466057,0.0387540781939173,0.7252832694795358,0.020831671402455,0.0803487592219986,0.0401938014365413
fr,xlm-roberta-large,title_and_first_paragraph,0.5598382633558513,0.0304582975301037,0.6213836807052663,0.0285436013778473,0.5130524174468539,0.0627963122240615,0.7140027788920884,0.0248429858390018,0.0804158283031522,0.0352097345646915
fr,xlm-roberta-large,title_and_first_sentence_each_paragraph,0.5515656912883357,0.0368786966591241,0.5847201329878754,0.0249035821471513,0.5266603611874162,0.0720803870046059,0.7123376435623605,0.0295680439102285,0.0900067069081153,0.0161045419608498
ge,EleutherAI-gpt-neo-1.3B,raw_text,0.5639050285658795,0.0221338351086741,0.7131185727432764,0.036724886080528,0.4665285163397013,0.0179800820940206,0.6903583570111457,0.0128427267554216,0.0623417105006818,0.0255716511564065
ge,EleutherAI-gpt-neo-1.3B,title,0.4676192897703194,0.0144513540878957,0.5267387371810603,0.0220094035646985,0.4218420709609344,0.0312290127842163,0.6249067744478215,0.008117847358928,0.0227936879018118,0.0197420756914722
ge,EleutherAI-gpt-neo-1.3B,title_and_10_sentences,0.5728177736595174,0.0345485001750341,0.7027837907599529,0.0207856504838398,0.4838191905266173,0.0399280165306394,0.6954858388710362,0.0215713733035674,0.0852328073251509,0.0169701328595453
ge,EleutherAI-gpt-neo-1.3B,title_and_5_sentences,0.5679146342834925,0.0347808394943608,0.6548407616357341,0.025496318376974,0.503272269366497,0.051752675991904,0.6915436768838799,0.0238784051255664,0.0397428404441846,0.0096213194816799
ge,EleutherAI-gpt-neo-1.3B,title_and_first_paragraph,0.5512336745252677,0.0134951289559244,0.6600925512239394,0.0539114855672778,0.4744657378626089,0.0078827231416058,0.6802241471625954,0.0145750874751856,0.03954802259887,0.0544839026044799
ge,EleutherAI-gpt-neo-1.3B,title_and_first_sentence_each_paragraph,0.5626577913798655,0.0023339407746638,0.6791001075839903,0.0244939507935943,0.4808425837916936,0.0136368677083985,0.6883175502533555,0.0033664642073664,0.0452951490356516,0.03516570038597
ge,EleutherAI-gpt-neo-125M,raw_text,0.4778483869695717,0.0189112197859252,0.6136887267785289,0.0288159181937691,0.3920612561594399,0.0259684817173622,0.6395201069756449,0.0061472734811723,0.0399376582894993,0.026528868982183
ge,EleutherAI-gpt-neo-125M,title,0.4136530705362727,0.042071558563364,0.527929288542869,0.054611384945981,0.3418036038967526,0.0460645124800147,0.6008815481584806,0.0270437911080059,0.0,0.0
ge,EleutherAI-gpt-neo-125M,title_and_10_sentences,0.5043547110055423,0.0249756671154477,0.6158533054271608,0.0279694896429237,0.4272234638625575,0.0249703582182779,0.6530261963580437,0.0119716080904755,0.033995714007403,0.0168032509155801
ge,EleutherAI-gpt-neo-125M,title_and_5_sentences,0.5228455443442179,0.0157243200215844,0.6147523903760421,0.0307899910675029,0.4550186055760593,0.0080271037002256,0.6624828591992232,0.0111108891409054,0.0225988700564971,0.0258902581635923
ge,EleutherAI-gpt-neo-125M,title_and_first_paragraph,0.478186890594298,0.0123210286301181,0.5749649790934194,0.0699697327464542,0.412957920285739,0.0276955092586318,0.6344591083250658,0.011770903669184,0.033995714007403,0.0292727994073199
ge,EleutherAI-gpt-neo-125M,title_and_first_sentence_each_paragraph,0.5038224848890763,0.0364031795290027,0.5872815855489337,0.0314493178406534,0.4416210209233047,0.0407091530552786,0.6505681537332738,0.0247972692624097,0.0226962789791544,0.0097023394484908
ge,bert-base-multilingual-cased,raw_text,0.6242489130717579,0.0152349131129754,0.6812710008980486,0.0044474887436945,0.5766127766217678,0.0293495044685177,0.726757632717849,0.0059750171301061,0.0909799337619325,0.0200964782474231
ge,bert-base-multilingual-cased,title,0.5143929248047526,0.0047035273467085,0.5963027159481843,0.0118043204950057,0.4525940768523038,0.0138890797006461,0.656582241392235,0.0062435581746786,0.0397428404441846,0.0096213194816799
ge,bert-base-multilingual-cased,title_and_10_sentences,0.6176948600746908,0.0063399966169649,0.6691941407286386,0.0101463316506228,0.5738616631891222,0.0161331101000502,0.7226231819379195,0.0080470744476696,0.0908825248392752,0.0093922610636985
ge,bert-base-multilingual-cased,title_and_5_sentences,0.5951389289965517,0.0046261076970202,0.6675920913764245,0.0104728970205351,0.5369492659098846,0.0059529942074449,0.7075416418018508,0.0063602506786803,0.0792908630430547,0.0423449930729573
ge,bert-base-multilingual-cased,title_and_first_paragraph,0.5849331111755046,0.0040906251000731,0.6382034921214524,0.016959223385334,0.5404907952111692,0.0188195912929477,0.7000610836551239,0.0042992034449088,0.0454899668809662,0.0259906647336411
ge,bert-base-multilingual-cased,title_and_first_sentence_each_paragraph,0.6178531375124741,0.015964956183416,0.6725267254563669,0.0096352422683492,0.5716224290671333,0.0231828234100485,0.7225819232080412,0.0062770517192495,0.0568868108318722,0.0199172069653334
ge,distilbert-base-multilingual-cased,raw_text,0.6073253004381636,0.0209162649166016,0.6555897587686843,0.0136528155851582,0.5664879370597767,0.0352730903857364,0.7156227224895185,0.0108152266706501,0.0455873758036236,0.0264041075349538
ge,distilbert-base-multilingual-cased,title,0.5071549940735988,0.0238538486533019,0.5810004277129678,0.0206284831739689,0.4523716757577574,0.0471948965847831,0.6513512341722398,0.0139436413216261,0.0170465614650301,0.000168717203153
ge,distilbert-base-multilingual-cased,title_and_10_sentences,0.5915841171071297,0.0206997818468501,0.6606034723139466,0.0538287163107905,0.536996362612259,0.014752029893641,0.7055716178583301,0.0100614520562812,0.0624391194233391,0.035145457870169
ge,distilbert-base-multilingual-cased,title_and_5_sentences,0.5767425483903854,0.0239818742022082,0.6246818681395089,0.0660424821053213,0.5383350506979351,0.0127721227863308,0.6944008753360436,0.0155406570342323,0.0455873758036236,0.0394841513829445
ge,distilbert-base-multilingual-cased,title_and_first_paragraph,0.5567356425251162,0.0123072486501487,0.6178514420781741,0.0056329847680975,0.5067143722961022,0.0168338061484983,0.6821355968973108,0.0028694961436281,0.0284434054159361,0.0259561423777539
ge,distilbert-base-multilingual-cased,title_and_first_sentence_each_paragraph,0.5822944735682586,0.0171721049849721,0.6597184090617959,0.012986433079068,0.5219396895804017,0.0314392274157549,0.6993745613604321,0.0067989363669878,0.0511396843950905,0.0169567084469947
ge,facebook-mbart-large-50,raw_text,0.6756833317928272,0.0173745749235373,0.7432219681389117,0.0066144518449739,0.6198542095413161,0.0291089466699747,0.7611164179964768,0.0112805025141665,0.1137736216637444,0.0269250667127461
ge,facebook-mbart-large-50,title,0.5322994648506437,0.0361536129828554,0.6161060783252751,0.0357553285183416,0.4715233832748668,0.0596137344420238,0.6683661617553618,0.0254798075667656,0.0453925579583089,0.0094481633765689
ge,facebook-mbart-large-50,title_and_10_sentences,0.6450952655765314,0.0129301909306673,0.7291715811370119,0.0134469675000938,0.578457159602637,0.0140561921569887,0.7405375288998318,0.0061772096018835,0.0908825248392752,0.0093922610636985
ge,facebook-mbart-large-50,title_and_5_sentences,0.6070764006417141,0.0142840109347816,0.6601167854721254,0.0172891131250839,0.5621307785037329,0.0178438961402429,0.7151137893321927,0.0145614879719489,0.0679914280148061,0.0446230689334748
ge,facebook-mbart-large-50,title_and_first_paragraph,0.5958324397202923,0.0227875180954486,0.663522521481139,0.0357842778292531,0.5408392632363141,0.0147724699777244,0.708231519276378,0.0131187188224005,0.079680498733684,0.0396582338214516
ge,facebook-mbart-large-50,title_and_first_sentence_each_paragraph,0.6389833357218143,0.0260330023760012,0.7077409162717219,0.0361972803708991,0.5826796881912868,0.0234565149546624,0.7368331281172033,0.0165236337742142,0.0742255990648743,0.0607466284095016
ge,gpt2,raw_text,0.5422710485468073,0.0396506340043811,0.6003186444362915,0.044789128372368,0.4951930441500662,0.0420236965268257,0.6725793887897962,0.0295221553317439,0.0169491525423728,0.0169491525423728
ge,gpt2,title,0.4988472548653002,0.0583851588824715,0.5461276209706919,0.0559960298286308,0.4592290031959156,0.0594336189557942,0.6428639559111113,0.0442420750048627,0.0282485875706214,0.0258902581635923
ge,gpt2,title_and_10_sentences,0.5474112521425734,0.027359763975971,0.6078270443484,0.0621371556782156,0.4998370644387548,0.0233711596167015,0.6749630549318736,0.0249341382963226,0.0283459964932787,0.0194873847396016
ge,gpt2,title_and_5_sentences,0.5370929108520289,0.0503493148092134,0.6010897260897261,0.0313048476323215,0.4867089775829211,0.0646433210319051,0.6703883137979818,0.0359427250922767,0.0283459964932787,0.0096168805797219
ge,gpt2,title_and_first_paragraph,0.5168900742194965,0.0227512554610932,0.550989380989381,0.0155880305879174,0.4871456924594849,0.0310184994842245,0.6534911505341755,0.0205120450170727,0.0340931229300603,0.0169525111379755
ge,gpt2,title_and_first_sentence_each_paragraph,0.5472331073678361,0.019924653725858,0.5872819525137088,0.0410218963084976,0.5134237494874071,0.0186080033338816,0.6744904103664321,0.0091695628188934,0.0454899668809662,0.0259906647336411
ge,xlm-roberta-large,raw_text,0.6562367432475157,0.0053942062288161,0.6932366437233695,0.0039946526985269,0.6229908974918865,0.0065246224486823,0.7488568513320866,0.0073292663303788,0.1080264952269628,0.0201876320245263
ge,xlm-roberta-large,title,0.5669195753241324,0.0073963834594761,0.6231196078323161,0.01567791979944,0.520100539566463,0.0021695355359579,0.6885809131878226,0.0052465618031442,0.0625365283459964,0.0101398898731136
ge,xlm-roberta-large,title_and_10_sentences,0.6366747073670901,0.0192303334005351,0.6641418707874404,0.0233686391774651,0.6117490573523661,0.0233051567511097,0.7356176691161948,0.0167070500206363,0.0908825248392752,0.0093922610636985
ge,xlm-roberta-large,title_and_5_sentences,0.6287430015608236,0.0092273208662884,0.6629010889620296,0.0165642040212701,0.5980310724061848,0.0055994245860082,0.7299149939381667,0.0047453291131963,0.0566919929865575,0.0389747694792033
ge,xlm-roberta-large,title_and_first_paragraph,0.6046179421179422,0.0132607043585212,0.6675810434447369,0.0355992432456524,0.5545367920390398,0.0348565856373916,0.7131375406719279,0.0096556083493736,0.0794856808883693,0.0091107289702629
ge,xlm-roberta-large,title_and_first_sentence_each_paragraph,0.623864281502717,0.0131718598673968,0.6719703716114291,0.0313400609440699,0.5825840676137385,0.0006598644984806,0.7262224036383628,0.0114343737962971,0.0910773426845899,0.0495290607882009
it,EleutherAI-gpt-neo-1.3B,raw_text,0.5166456749226902,0.0230705099173357,0.658048766180085,0.0242783843478974,0.4256525379382522,0.0264289787556671,0.6713371565845723,0.0142384612826938,0.0627062706270627,0.0285816964945359
it,EleutherAI-gpt-neo-1.3B,title,0.4285695275610433,0.0331694198838874,0.4965660391901796,0.0430775356929933,0.380608756323042,0.05484095851305,0.61660866693285,0.0178334140027684,0.0231023102310231,0.0206105544501597
it,EleutherAI-gpt-neo-1.3B,title_and_10_sentences,0.5160535297739077,0.0274916025362946,0.6587920282639447,0.0121168768200675,0.4247287633001919,0.0339718805114075,0.6712059283138604,0.0157558626051867,0.0693069306930693,0.0261955575352929
it,EleutherAI-gpt-neo-1.3B,title_and_5_sentences,0.5110283547250295,0.0468482688697228,0.589869489143934,0.0548886962684268,0.4510856445142159,0.0436043354477044,0.6665024718293867,0.0289811608652674,0.0594059405940594,0.0099009900990099
it,EleutherAI-gpt-neo-1.3B,title_and_first_paragraph,0.4837547875450728,0.0377174590379874,0.6254415391602622,0.0480849141704854,0.395105180533752,0.03655893805604,0.6531804671767751,0.0202989042343641,0.066006600660066,0.0206105544501597
it,EleutherAI-gpt-neo-1.3B,title_and_first_sentence_each_paragraph,0.5059369372234869,0.0365667727190457,0.6482616480611669,0.051295430690362,0.4153793825222396,0.0335367952469601,0.665215572855575,0.0220460435773978,0.0627062706270627,0.0228653571956287
it,EleutherAI-gpt-neo-125M,raw_text,0.42022230415441,0.0290441353990124,0.5627624919893547,0.0460316541337489,0.3353596720739578,0.0210811061216676,0.6187378370832581,0.0163126509263482,0.0429042904290429,0.0206105544501597
it,EleutherAI-gpt-neo-125M,title,0.3242236230608323,0.0248844566518872,0.4347163865546218,0.0135822189118784,0.2589870922728065,0.0280968704607909,0.5664266012398556,0.0085316768523972,0.0165016501650165,0.0114326785978143
it,EleutherAI-gpt-neo-125M,title_and_10_sentences,0.4548280326572273,0.0297405533317902,0.5808281775086753,0.0629037413902929,0.3742817024245595,0.013653590049367,0.6357333113274937,0.0192747719360252,0.0429042904290429,0.0114326785978143
it,EleutherAI-gpt-neo-125M,title_and_5_sentences,0.4223312612145281,0.0285208270362139,0.5406513264439486,0.0443593397286218,0.3468512122797837,0.0241652032173,0.6180052518651402,0.017114198322436,0.0363036303630363,0.0206105544501597
it,EleutherAI-gpt-neo-125M,title_and_first_paragraph,0.3771203868518635,0.0323571729070657,0.4906352618028549,0.0430572689378072,0.3078390022675737,0.0361182955792319,0.5936884618871118,0.0153821407329374,0.0198019801980198,0.0099009900990099
it,EleutherAI-gpt-neo-125M,title_and_first_sentence_each_paragraph,0.427180610999664,0.0189554350259198,0.5464549731182795,0.0553446548765029,0.3516804465375894,0.0108577554758515,0.6200095220896272,0.0144124778367083,0.0297029702970297,0.0099009900990099
it,bert-base-multilingual-cased,raw_text,0.5755847895356306,0.0259222989656989,0.6349174168152164,0.0168886538802188,0.5266310832025117,0.0322280969261436,0.7065690113105217,0.0176093440302074,0.0825082508250825,0.0114326785978143
it,bert-base-multilingual-cased,title,0.4674405380441747,0.0321005790942553,0.576733771407202,0.0272761925351423,0.3932932147217862,0.0340289215338565,0.642685880448922,0.0174938163096442,0.0528052805280528,0.0228653571956287
it,bert-base-multilingual-cased,title_and_10_sentences,0.5491264072288637,0.031552970879702,0.6226992424913449,0.0600459756069638,0.4918632478632478,0.0129557313662946,0.6891469385396624,0.0207276489304418,0.0726072607260726,0.0249169453309265
it,bert-base-multilingual-cased,title_and_5_sentences,0.528198680483849,0.0187182944827386,0.6091038704104474,0.0297009413309599,0.4671597767312053,0.0272860501115866,0.677196751669712,0.0130126257734258,0.0561056105610561,0.0057163392989071
it,bert-base-multilingual-cased,title_and_first_paragraph,0.5217805034471701,0.0317800589001072,0.5913061560529287,0.0345394937095731,0.4676239316239316,0.0364118935469188,0.6732315895644277,0.0185985391605472,0.0627062706270627,0.0228653571956287
it,bert-base-multilingual-cased,title_and_first_sentence_each_paragraph,0.5654883363922042,0.0395456727626582,0.6321358738505068,0.0466126808181809,0.5128780743066458,0.0466949990210286,0.6999803112788808,0.0248933319539633,0.0594059405940594,0.0261955575352929
it,distilbert-base-multilingual-cased,raw_text,0.5666094342804996,0.0571081700788266,0.623083477742976,0.0711441917762119,0.5199004011861155,0.0492538971334315,0.7006185782739717,0.0370770725432901,0.0825082508250825,0.0285816964945359
it,distilbert-base-multilingual-cased,title,0.456927875603356,0.0231999144301409,0.5544970491190165,0.0332331322200392,0.3889774986917844,0.0225745724615579,0.6358489920736353,0.0126957996018332,0.0231023102310231,0.0151240121945737
it,distilbert-base-multilingual-cased,title_and_10_sentences,0.5325915234493889,0.0332594105637225,0.6066751349009413,0.0251897494551499,0.4754697366125937,0.0424112333730189,0.6800586506529006,0.0197782487049488,0.0561056105610561,0.0151240121945737
it,distilbert-base-multilingual-cased,title_and_5_sentences,0.5268125353323287,0.0157880729378351,0.599138480805197,0.054562419575472,0.4721170416884703,0.0180664104521238,0.675761009140889,0.0118044377469171,0.0693069306930693,0.0198019801980198
it,distilbert-base-multilingual-cased,title_and_first_paragraph,0.4986947563221919,0.0661156697822198,0.5511909241991876,0.0411470361829051,0.4573537414965986,0.0825314418340231,0.6596535056940344,0.0391479112894428,0.0297029702970297,0.0
it,distilbert-base-multilingual-cased,title_and_first_sentence_each_paragraph,0.5206922184932367,0.027822303483975,0.5976329403670332,0.0391852617264095,0.4615689865689865,0.0235403802714681,0.6724627688651853,0.0164591717239847,0.0594059405940594,0.0171490178967215
it,facebook-mbart-large-50,raw_text,0.6344472877831823,0.0305646049612385,0.6919796467311264,0.0621579590399061,0.5870828536542823,0.0137753718563783,0.7435815251368374,0.0190674315933994,0.0957095709570957,0.0488404243793687
it,facebook-mbart-large-50,title,0.4917719992600613,0.0264427548893615,0.5783111918693188,0.0310536124877659,0.4277751613465899,0.0232210554647584,0.6553623144555741,0.0159255364587808,0.0495049504950495,0.0171490178967215
it,facebook-mbart-large-50,title_and_10_sentences,0.5592490101319288,0.0425794511426695,0.6368646408308121,0.0594668209137618,0.499265306122449,0.0382234189485992,0.6958092358322965,0.0278569783072879,0.0759075907590759,0.0302480243891474
it,facebook-mbart-large-50,title_and_5_sentences,0.5442060728257103,0.0241250750034671,0.6103446668313869,0.0351477763019574,0.4922996685853829,0.0351861226764983,0.6870293619230533,0.016255383721928,0.0627062706270627,0.0347711344978638
it,facebook-mbart-large-50,title_and_first_paragraph,0.5395696860564426,0.0414135516021419,0.603593062389025,0.0320017182162814,0.4900753532182103,0.0605971759411069,0.6843642291123785,0.0256798312828463,0.0792079207920792,0.0261955575352929
it,facebook-mbart-large-50,title_and_first_sentence_each_paragraph,0.5808832577753984,0.0286398426272446,0.6519545952994873,0.0709709483723982,0.5255203209488924,0.006686017861621,0.7086864884788341,0.0178964016834484,0.0693069306930693,0.0453720365837211
it,gpt2,raw_text,0.5329319813908188,0.0126587649753956,0.5723446147296722,0.0091039336477892,0.498640502354788,0.0155148166829919,0.6794482762429905,0.0080632947279597,0.0429042904290429,0.0151240121945737
it,gpt2,title,0.3984783302540312,0.031674780691555,0.4741885028358332,0.023865012937512,0.3438972614686901,0.0349933325462227,0.6006122507341276,0.0168801285039966,0.0198019801980198,0.0099009900990099
it,gpt2,title_and_10_sentences,0.5091264771652783,0.0193278927923085,0.5591746169510978,0.0272587983084002,0.4687870225013082,0.0339311261465479,0.664914322977795,0.0116115811284019,0.033003300330033,0.0151240121945737
it,gpt2,title_and_5_sentences,0.4844152597112357,0.0129067352998399,0.5560237084256602,0.0287116732619085,0.4294467120181406,0.0070284499284118,0.6502146263323307,0.0074535801683381,0.033003300330033,0.0151240121945737
it,gpt2,title_and_first_paragraph,0.4613212994835085,0.0312064568287235,0.5199041360724413,0.0545940903403572,0.4156602128030699,0.0220441563922194,0.6352953092606782,0.0187831224565154,0.0165016501650165,0.0151240121945737
it,gpt2,title_and_first_sentence_each_paragraph,0.4972085111523328,0.0176127547046394,0.5640710401267469,0.0256729398852806,0.4454590964590965,0.0270386794081023,0.6578871365382016,0.0127550005267143,0.0495049504950495,0.0099009900990099
it,xlm-roberta-large,raw_text,0.6184135647461267,0.0260137827110812,0.6635828797742672,0.0311200393927555,0.5795665445665446,0.0306295688582978,0.734495570159181,0.0188745426433105,0.1089108910891089,0.0198019801980198
it,xlm-roberta-large,title,0.5154201238688091,0.0348833101379136,0.5742624397969648,0.0250836480024404,0.4678421419849991,0.0409970039375142,0.6690876978507988,0.0218595995887805,0.0693069306930693,0.0356985274798414
it,xlm-roberta-large,title_and_10_sentences,0.5936074440876445,0.0230320946583207,0.6191137470607362,0.0349341928952221,0.5719019710448282,0.0401922757023365,0.7192592667698635,0.0161888337892015,0.066006600660066,0.0151240121945737
it,xlm-roberta-large,title_and_5_sentences,0.5720097931238564,0.0096311234866711,0.5904449141293086,0.0175168461463513,0.5551737310308739,0.0180898107742918,0.7053142657127797,0.0084938438866563,0.0759075907590759,0.0114326785978143
it,xlm-roberta-large,title_and_first_paragraph,0.5468096779932606,0.0298886672031414,0.6001029260625877,0.0514659145665088,0.5061145996860282,0.0511008106024928,0.6889723424621975,0.018070519145308,0.066006600660066,0.0302480243891474
it,xlm-roberta-large,title_and_first_sentence_each_paragraph,0.575359089994937,0.0081832275407999,0.6166385140202221,0.0486889364623132,0.5427132391418106,0.0355875977798818,0.7066356642334606,0.0066823197503691,0.0693069306930693,0.0198019801980198
po,EleutherAI-gpt-neo-1.3B,raw_text,0.5725072439091828,0.006267923706033,0.6691033939481145,0.0094317395624635,0.5003191655585908,0.0065360974439115,0.6820798192283054,0.0040961384344157,0.0669070512820512,0.0231872529519474
po,EleutherAI-gpt-neo-1.3B,title,0.517478880362098,0.0131563505511985,0.5520709276004513,0.0880450259711526,0.4962492729802747,0.0431597749655924,0.6346130574562735,0.0129643175851152,0.0154647435897435,0.0153852413734824
po,EleutherAI-gpt-neo-1.3B,title_and_10_sentences,0.589644692987303,0.0230641381586516,0.6815163672306529,0.0834320704836925,0.5226185017339297,0.0120024541779437,0.6933743413194607,0.0148333329485769,0.0359775641025641,0.0233956521536434
po,EleutherAI-gpt-neo-1.3B,title_and_5_sentences,0.6073108328331575,0.0255064789746676,0.6525903910625658,0.053700431925519,0.5688918361958981,0.0048160283011488,0.7014670162699886,0.0116321969904742,0.0568108974358974,0.0358812456335477
po,EleutherAI-gpt-neo-1.3B,title_and_first_paragraph,0.5406415829848713,0.0387461791866933,0.6102725480556037,0.0406947098536759,0.4867963859852999,0.0505127874867781,0.6581360290553451,0.0163509507202625,0.0463141025641025,0.015144866694015
po,EleutherAI-gpt-neo-1.3B,title_and_first_sentence_each_paragraph,0.6099530001662585,0.0257313968639465,0.699348563386398,0.043343070269487,0.5411897970243165,0.0189435456878087,0.7067661321251534,0.011958367422424,0.056650641025641,0.0084659534664824
po,EleutherAI-gpt-neo-125M,raw_text,0.4969622654001757,0.0250796720120137,0.5974012420410726,0.0295049676268754,0.4256975206606883,0.025294171317614,0.6338572481136432,0.0227415688904982,0.0411057692307692,0.0319295565133938
po,EleutherAI-gpt-neo-125M,title,0.4366816181394853,0.0284828095676045,0.5085274482289407,0.0379599194150704,0.3837475963331266,0.0345619787169654,0.5901044687751724,0.0091695047650463,0.0052083333333333,0.0090210979560879
po,EleutherAI-gpt-neo-125M,title_and_10_sentences,0.5393973887390989,0.0224708408850318,0.6046905025046289,0.0519496390427973,0.4880703542411587,0.0157342567433627,0.6564801832524273,0.0098372269604297,0.0154647435897435,0.0153852413734824
po,EleutherAI-gpt-neo-125M,title_and_5_sentences,0.5380249274483117,0.018584153623378,0.5994520415305732,0.0522950890519507,0.4894156420332108,0.0095719665193969,0.6549006604589928,0.0090059363076408,0.0205929487179487,0.0234745556836833
po,EleutherAI-gpt-neo-125M,title_and_first_paragraph,0.4904125439385012,0.0270761263664301,0.5344216564513594,0.0456846048814835,0.4550587670142466,0.0337640254134763,0.6178757470877173,0.008512921394753,0.0257211538461538,0.0087435257112852
po,EleutherAI-gpt-neo-125M,title_and_first_sentence_each_paragraph,0.537727493997348,0.0301126022376532,0.604396199197112,0.0253120034183098,0.4881959787124654,0.0622610239851248,0.6560996395240354,0.017083544662919,0.0206730769230769,0.0091598840784892
po,bert-base-multilingual-cased,raw_text,0.6543363273739521,0.0152882520967426,0.7253258448811252,0.0296913963475432,0.5963003734988513,0.0118252411953208,0.7362876076812301,0.0101900050252066,0.0773237179487179,0.0154002574727445
po,bert-base-multilingual-cased,title,0.5302964392285493,0.0150776319880946,0.6026942092515862,0.0494527331906101,0.47581019985634,0.0273938545487744,0.651483119040175,0.0123631443266832,0.0051282051282051,0.0088823118336865
po,bert-base-multilingual-cased,title_and_10_sentences,0.6143469371180994,0.0183189646841338,0.6716853322123378,0.0651853807074981,0.5719883518041007,0.0542452938641739,0.708480399646119,0.0103656938517162,0.0617788461538461,0.0264412150123885
po,bert-base-multilingual-cased,title_and_5_sentences,0.6156938988592902,0.0221362636548214,0.6784728585572478,0.0591087103341122,0.5651313257805519,0.0074881673786873,0.7090822610907376,0.009880453424337,0.056650641025641,0.0175601468851826
po,bert-base-multilingual-cased,title_and_first_paragraph,0.5898223766728539,0.0172366600503667,0.6391293614724588,0.0410180528776508,0.5483614513795013,0.0070461935759817,0.689350802159157,0.0049392170985994,0.0463141025641025,0.015144866694015
po,bert-base-multilingual-cased,title_and_first_sentence_each_paragraph,0.6372605173776281,0.0235212827806791,0.6851413200503846,0.013182261150609,0.5962690382751958,0.0372589277520992,0.7229943364822572,0.0217259101773757,0.0667467948717948,0.0468696578152427
po,distilbert-base-multilingual-cased,raw_text,0.6259795455409046,0.0146020698703167,0.667248847543636,0.0340313542009491,0.5901125884511127,0.0100161757447551,0.7144343830138142,0.0078911966956235,0.0514423076923077,0.0174870514225704
po,distilbert-base-multilingual-cased,title,0.5095361856857575,0.0362632618467543,0.5921580655018694,0.0501617943889315,0.4475724843274256,0.0318252098252976,0.6394744583784687,0.0163885055917022,0.0102564102564102,0.0088823118336865
po,distilbert-base-multilingual-cased,title_and_10_sentences,0.6168668177488751,0.0350817255299263,0.6640916766448681,0.0601219920879254,0.576749746127973,0.0185911994142914,0.7085677040641785,0.0181101696821911,0.0411858974358974,0.0086047395888838
po,distilbert-base-multilingual-cased,title_and_5_sentences,0.6075133165124754,0.0330549235871018,0.6537906380940369,0.0720817780346094,0.5693720733113788,0.0156504587235937,0.7015808536542189,0.0219849083235833,0.0514423076923077,0.0353912775918841
po,distilbert-base-multilingual-cased,title_and_first_paragraph,0.5843492410399723,0.0343694303512945,0.6193646008820037,0.0371292968167016,0.5530851300043133,0.0320137502284933,0.6834395713433711,0.0151821856457188,0.0411057692307692,0.0319295565133938
po,distilbert-base-multilingual-cased,title_and_first_sentence_each_paragraph,0.60779254707413,0.0222640478452547,0.6788175130767723,0.0497028706742624,0.5510067964824014,0.0093118158513393,0.7037484656071064,0.0119979077542455,0.0309294871794871,0.0002775722448027
po,facebook-mbart-large-50,raw_text,0.6812947978050365,0.02702518784622,0.7234071159665446,0.0304993872057018,0.6439805318934443,0.0273305594047842,0.75468078237833,0.0132337172843679,0.1081730769230769,0.014669371444608
po,facebook-mbart-large-50,title,0.5453268376559449,0.0187388904459267,0.6060502469962793,0.0789279708302533,0.5004813714222193,0.027053606723463,0.6597244510878651,0.0108841808159323,0.0310096153846153,0.0157465684953483
po,facebook-mbart-large-50,title_and_10_sentences,0.6413572220001044,0.0054331093962388,0.7328031365548897,0.0247414858154721,0.5708275306454235,0.0171670367729099,0.7284304234627609,0.0069773182519073,0.0720352564102564,0.0231073684050244
po,facebook-mbart-large-50,title_and_5_sentences,0.6250148783606105,0.0127998461904053,0.6808488520597583,0.0316260545983915,0.5783085671635781,0.0142503785399386,0.7146630947011734,0.0010516805764411,0.0721153846153846,0.0174936590371733
po,facebook-mbart-large-50,title_and_first_paragraph,0.5899295209755574,0.0420948515193998,0.6486149299616791,0.0574679115399892,0.5415346262728694,0.0361207102543791,0.6905253710712822,0.0211936439180722,0.0309294871794871,0.0307704827469648
po,facebook-mbart-large-50,title_and_first_sentence_each_paragraph,0.6522321460748336,0.0122033285838489,0.6941946774053979,0.0541282725786569,0.6178146276226945,0.0260773913322588,0.7339768493611508,0.0015499936351776,0.0720352564102564,0.0231073684050244
po,gpt2,raw_text,0.5872269878856619,0.0177163914108384,0.6127929942210941,0.0490207862157067,0.5652980688711351,0.0084873832889328,0.6845673263655604,0.007359253278525,0.025801282051282,0.0090243001444237
po,gpt2,title,0.4690537357710863,0.010374704711553,0.4999075281581722,0.0541893140285364,0.4455895743599036,0.0256774063959092,0.5996345526219936,0.0059413181259584,0.0102564102564102,0.0177646236673731
po,gpt2,title_and_10_sentences,0.5717253752125425,0.021490729601915,0.6078542530986678,0.0504039562209434,0.5420435046335013,0.0283747892839668,0.6744716695550945,0.0065767539463299,0.0463942307692307,0.000416358367204
po,gpt2,title_and_5_sentences,0.5622569107542771,0.0250362089033093,0.5880406851354519,0.0736772578825561,0.5428040573017735,0.0164615610142939,0.6660502536230135,0.0141116027471378,0.0308493589743589,0.0152645808087953
po,gpt2,title_and_first_paragraph,0.5311825698499283,0.0127912080199411,0.5892772570031756,0.0339158252481918,0.4844331996836419,0.0159392928292023,0.6496252032269162,0.007914901207811,0.0205929487179487,0.0088137383374628
po,gpt2,title_and_first_sentence_each_paragraph,0.5834296133944229,0.0120199531924888,0.6137564695365386,0.0475490463207098,0.5594358298573922,0.039754864551814,0.6829041542626856,0.0118739280197959,0.0411858974358974,0.0086047395888838
po,xlm-roberta-large,raw_text,0.6828960220607164,0.0237493194002521,0.6959026812741708,0.0435655229920153,0.6722193817290975,0.0341081297772193,0.7556322818981492,0.0120209662056922,0.0979166666666666,0.0084966129114176
po,xlm-roberta-large,title,0.5560066558700583,0.0350111806280234,0.5990058526958896,0.0600552303598408,0.5202859417142154,0.0306820898969973,0.6642851481218252,0.0168054911989973,0.0205929487179487,0.0234745556836833
po,xlm-roberta-large,title_and_10_sentences,0.6548447274139976,0.0314220820276509,0.6820802473156018,0.0705532184810199,0.6331256417694845,0.0325940550343526,0.7353250515153912,0.0176455075158112,0.0669871794871794,0.0234018260721433
po,xlm-roberta-large,title_and_5_sentences,0.6367224660007796,0.0155307409130284,0.6640654743037776,0.0490916406134748,0.6141522347402423,0.0320716533244349,0.7215376122352964,0.0040598112103521,0.0670673076923076,0.032224990015652
po,xlm-roberta-large,title_and_first_paragraph,0.5998568002863819,0.0330279460173624,0.6311266755319617,0.020897831160809,0.573021705243021,0.0543825332423045,0.6938600088803573,0.0102957928918484,0.0669070512820512,0.0353229085871368
po,xlm-roberta-large,title_and_first_sentence_each_paragraph,0.6638645916581477,0.003459477603465,0.6920686050945718,0.0457425523615125,0.6412593300273963,0.0402764539640685,0.7419373582738432,0.0098333873449975,0.0721955128205128,0.0236413513225661
ru,EleutherAI-gpt-neo-1.3B,raw_text,0.2991681162571573,0.027736403852029,0.5118386243386244,0.0898133293859132,0.2138702693832209,0.0258287892998252,0.5845878549396085,0.0113234843341109,0.0784556878306878,0.0411559405950174
ru,EleutherAI-gpt-neo-1.3B,title,0.2365459431115481,0.065293003952921,0.3701931596668439,0.0581653474317883,0.1761925951172713,0.0626172235476495,0.5564393842003854,0.0256481886548151,0.0469576719576719,0.0269201018372146
ru,EleutherAI-gpt-neo-1.3B,title_and_10_sentences,0.3760336978662448,0.0200376979686945,0.5511680911680912,0.0044455400797241,0.2857226261708197,0.0224358812081228,0.6181300798839017,0.0098562168889206,0.0889550264550264,0.0323347771585175
ru,EleutherAI-gpt-neo-1.3B,title_and_5_sentences,0.3788865664085843,0.0437830982160833,0.5429535293876379,0.0596753212195788,0.2914063091721579,0.0376663938026411,0.6195784575841657,0.0226817156815992,0.1202876984126984,0.0230574742904294
ru,EleutherAI-gpt-neo-1.3B,title_and_first_paragraph,0.2819574155118321,0.0234859089143081,0.5535105178940795,0.1506409329446745,0.1924972859703602,0.0180528992332452,0.5782554652615745,0.0098026591131605,0.0784556878306878,0.0151316785671849
ru,EleutherAI-gpt-neo-1.3B,title_and_first_sentence_each_paragraph,0.3712477726824727,0.0135637234774511,0.5538375605168112,0.0737111211453334,0.2828807846701507,0.0321121201472905,0.6166123865095242,0.008998016122912,0.0944940476190476,0.0688837019330901
ru,EleutherAI-gpt-neo-125M,raw_text,0.1721025410817721,0.0383010593221117,0.2906445406445406,0.026779083513078,0.1255443838521548,0.0425716578656882,0.5304749810566104,0.0123561237975855,0.0417493386243386,0.0324269095906157
ru,EleutherAI-gpt-neo-125M,title,0.1800182694963142,0.0105495813526286,0.3206405271940301,0.0530345716089489,0.1257637153172258,0.0027689346401798,0.53414635340263,0.0051242844230251,0.0367890211640211,0.0244095167594509
ru,EleutherAI-gpt-neo-125M,title_and_10_sentences,0.2487285323630705,0.0141447953567039,0.4201671275211451,0.0612291619653668,0.1789413390896008,0.022574254869315,0.5623067795134015,0.0023910804699852,0.0733300264550264,0.0093995507323676
ru,EleutherAI-gpt-neo-125M,title_and_5_sentences,0.1977694611989875,0.0318569685038976,0.416989092180908,0.0851194600336773,0.1330284783761266,0.0302860054489327,0.5455672542748664,0.0092265286284995,0.0575396825396825,0.0178312891547804
ru,EleutherAI-gpt-neo-125M,title_and_first_paragraph,0.2124768154316486,0.0256388393152216,0.383530910043086,0.0604112048178909,0.1498649296876972,0.0282205868443373,0.5484588473371677,0.0067018742250023,0.0314980158730158,0.0159984656972918
ru,EleutherAI-gpt-neo-125M,title_and_first_sentence_each_paragraph,0.2128768222450484,0.0190339178125624,0.3303088803088803,0.0404498894564988,0.1573111540306496,0.01322883428124,0.5446373610674692,0.0062391194365422,0.0208333333333333,0.0180421959121758
ru,bert-base-multilingual-cased,raw_text,0.552708165487214,0.0227728654881706,0.6324831183270385,0.056547453490771,0.4977546138503875,0.0685468257251299,0.7177133336614597,0.0259722351169144,0.1521164021164021,0.0564132988861248
ru,bert-base-multilingual-cased,title,0.3602283539146257,0.0167224867473276,0.4927536231884058,0.0210139233424398,0.284436617940367,0.0208801797187778,0.6111532022415624,0.0105584895537522,0.0628306878306878,0.0156354945020646
ru,bert-base-multilingual-cased,title_and_10_sentences,0.5048678011474713,0.0193153389571369,0.6015627393902252,0.0044252957795454,0.435380847787119,0.0271025996624315,0.6870617485378859,0.0132090640781681,0.1363260582010582,0.0340571341468403
ru,bert-base-multilingual-cased,title_and_5_sentences,0.4809117076756979,0.0115169097842494,0.578336574369691,0.0208780115165449,0.4127723497184983,0.0277635782086605,0.6744433195922368,0.0120607534016122,0.1312003968253968,0.0564316506133623
ru,bert-base-multilingual-cased,title_and_first_paragraph,0.4654778168335043,0.0164755097068056,0.5620957484235879,0.0148089284428559,0.3976226993865031,0.0229063119388364,0.6659060269010949,0.0128171934527046,0.0943287037037037,0.0165006683210454
ru,bert-base-multilingual-cased,title_and_first_sentence_each_paragraph,0.537555599216526,0.009077169030029,0.6222630218958248,0.0156857810543376,0.4738727309449873,0.0225471619373822,0.7063273365964974,0.0096634808182208,0.1782407407407407,0.0411693898422046
ru,distilbert-base-multilingual-cased,raw_text,0.5030260909898983,0.0185781773145376,0.6049089925037608,0.0532839928023508,0.4351110227473554,0.05042050898241,0.6870509966292783,0.0186831379643308,0.152199074074074,0.0611429972579291
ru,distilbert-base-multilingual-cased,title,0.3395654923499959,0.0170064807147259,0.5037410156710264,0.0694935868282799,0.2584466282915499,0.0206844221293682,0.6016292744746382,0.0063149332738031,0.0629133597883597,0.0274282831038193
ru,distilbert-base-multilingual-cased,title_and_10_sentences,0.4979514523633122,0.0293359740845518,0.5969076609852237,0.0382350238279943,0.4309831730162337,0.0564503368963263,0.6845031204523018,0.0234209992325294,0.1101190476190476,0.0283520221477048
ru,distilbert-base-multilingual-cased,title_and_5_sentences,0.4610351117191062,0.0613546565419203,0.5554884918718815,0.0520732346716214,0.3951516700749829,0.0672139043781404,0.6641919960316061,0.0369977755484424,0.1149966931216931,0.0497803960452845
ru,distilbert-base-multilingual-cased,title_and_first_paragraph,0.3934674180593341,0.0017497616938737,0.5478284635261379,0.0683970244251743,0.3103382438334722,0.0264535820853985,0.6273636232649427,0.0053839363840479,0.1101190476190476,0.0421947823772554
ru,distilbert-base-multilingual-cased,title_and_first_sentence_each_paragraph,0.4809820311473096,0.0092646215404138,0.5920780211398061,0.052886377256889,0.4084504153096518,0.0360550502224704,0.6739239249119698,0.0115699053651752,0.1313657407407407,0.0790709196016214
ru,facebook-mbart-large-50,raw_text,0.5977195365922795,0.012966113649681,0.675224292615597,0.0514680526670842,0.5380342851372163,0.0206025386803086,0.7411585402154937,0.0086806732965861,0.1937003968253968,0.0236032420694
ru,facebook-mbart-large-50,title,0.4481911308181103,0.0435960505494044,0.5342211800545134,0.0738905698619187,0.3867823600696811,0.0285740409017161,0.6574154822842061,0.0181644991606629,0.1258267195767195,0.0422911306433518
ru,facebook-mbart-large-50,title_and_10_sentences,0.5467752349166618,0.0163692274010324,0.6292186022263838,0.0578334141833341,0.4885079779848014,0.0520775044936007,0.7133055138662971,0.0192736372083475,0.183614417989418,0.0614270448088846
ru,facebook-mbart-large-50,title_and_5_sentences,0.5119363156091667,0.0240037511417219,0.5994735591651974,0.0558207905193494,0.4481273195485875,0.0192477756327666,0.6921621913777062,0.0099699454475277,0.1312830687830687,0.0801464870211022
ru,facebook-mbart-large-50,title_and_first_paragraph,0.4944414831205721,0.0154666940616689,0.5851917499194328,0.0213265910282817,0.4281034613345452,0.0126667264153536,0.6818363830695015,0.0052547394033505,0.1154927248677248,0.0517838691794592
ru,facebook-mbart-large-50,title_and_first_sentence_each_paragraph,0.5445784831030732,0.0032467347632027,0.6442464568500899,0.0305613489482838,0.4727429372112399,0.0210762932003931,0.7081537096890899,0.0036272473951465,0.1570767195767195,0.0014319203104901
ru,gpt2,raw_text,0.1672734123169247,0.042511883876357,0.3180996961484766,0.0621119102047992,0.1162472544118761,0.0374989888384794,0.5314778436779551,0.0126295389015486,0.0262070105820105,0.009167645436076
ru,gpt2,title,0.1560561688734277,0.0213593278902145,0.3160605231975207,0.0639161849216774,0.1039268221868767,0.0131724760459897,0.5277047097027817,0.0079457312732768,0.0261243386243386,0.0088779059250388
ru,gpt2,title_and_10_sentences,0.1277642498192576,0.051773321526292,0.3209725725094577,0.0198163156962314,0.082937274356838,0.0433958195799552,0.5232050610351244,0.0132837468443137,0.0209160052910052,0.0089503610515143
ru,gpt2,title_and_5_sentences,0.1132275664046189,0.0558509161069963,0.3843537414965987,0.1081504292216642,0.0702460299426897,0.0397886814204713,0.521260996961284,0.0111565430408511,0.0209986772486772,0.0181870791090503
ru,gpt2,title_and_first_paragraph,0.1314078743651384,0.0463890228912339,0.4251785714285714,0.1301102113280765,0.077767994647681,0.0282160806385307,0.5280115896109425,0.0150083494351759,0.0314153439153439,0.0312513122257454
ru,gpt2,title_and_first_sentence_each_paragraph,0.1882330177297482,0.0792031783336695,0.3610427277872099,0.0486528401596372,0.1317850740993208,0.0675325015735331,0.5418128327187058,0.0245320105517512,0.0262070105820105,0.009167645436076
ru,xlm-roberta-large,raw_text,0.5466541448823888,0.0152884343873021,0.6252023654539952,0.089503430683089,0.4910799944457067,0.0268125797263549,0.7132412417475069,0.0028399704363064,0.1261574074074074,0.0846491412186414
ru,xlm-roberta-large,title,0.4641238242173891,0.0210639940211432,0.5448568012890483,0.022883217056351,0.404234201822818,0.0193871288566639,0.666266747213965,0.0080176099914934,0.1311177248677248,0.0407722807679524
ru,xlm-roberta-large,title_and_10_sentences,0.5595000178828057,0.0399321929191012,0.5887431307540328,0.058293652624192,0.5343829685172562,0.0381068782755148,0.727331275743856,0.0240468679756976,0.1469080687830687,0.0565619397883185
ru,xlm-roberta-large,title_and_5_sentences,0.5316248220794818,0.0310189276116931,0.568975468975469,0.0457987039754726,0.5002508899492539,0.0359624488417256,0.7098131977642037,0.020058944889227,0.1416170634920635,0.0430284309903148
ru,xlm-roberta-large,title_and_first_paragraph,0.4856924920998147,0.0353289749808204,0.5678176402145523,0.0743227261346699,0.43041827614936,0.0552713108747171,0.6797568332599822,0.0212584532029525,0.1312003968253968,0.0564316506133623
ru,xlm-roberta-large,title_and_first_sentence_each_paragraph,0.5477907090225931,0.0241548134866405,0.6046733311482574,0.0339445307613429,0.5057783584538867,0.0638642402699209,0.7176095897387378,0.025581630338197,0.1622850529100529,0.0083972085077532
