Start Time,Duration,Run ID,Name,Source Type,Source Name,User,Status,analysis_level,corr_threshold,language,max_df,max_features,min_df,min_var,model_type,multilabel_type,n_features,n_gram_range_end,n_gram_range_start,spacy_model_used,tfidf,unit_of_analysis,accuracy_mean,accuracy_std,f1_macro_mean,f1_macro_std,f1_micro_mean,f1_micro_std,precision_macro_mean,precision_macro_std,precision_micro_mean,precision_micro_std,recall_macro_mean,recall_macro_std,recall_micro_mean,recall_micro_std
2022-11-08 07:59:44,61ms,e0c3dd421c8a463a9c352c2f77902a0d,blushing-gull-826,LOCAL,/home/juanbermeo/SynologyDriveRA/Framing/benchmark_subtask_2.py,juanbermeo,FINISHED,model_wide,0.9,ge,0.95,1,0.05,0.001,XGBRFClassifier,independent,731,1,1,de_core_news_sm,True,raw_text,0.029307568438003223,0.02072733386113248,0.3598370450030653,0.021132675330567025,0.5115787367468677,0.024457495905448826,0.49906770218146485,0.05929767238267989,0.6512077524041632,0.04101774539148224,0.3123708573182642,0.009656044871019918,0.42155948894813894,0.018141660913729783
2022-11-08 07:59:41,61ms,a8ca33fb4bb140339d4478dac51724b7,upset-fox-976,LOCAL,/home/juanbermeo/SynologyDriveRA/Framing/benchmark_subtask_2.py,juanbermeo,FINISHED,model_wide,0.9,ge,0.95,1,0.05,0.001,XGBClassifier(b,independent,731,1,1,de_core_news_sm,True,raw_text,0.021739130434782608,0.030743773095067282,0.35097291484242293,0.039475675023724434,0.5196266666080656,0.04130129059738325,0.44294396493312904,0.07470398023262138,0.6324135740869297,0.054473245452210495,0.32155759710444054,0.02897846412610085,0.44120830153179585,0.03409398099765651
2022-11-08 07:59:39,42ms,0a5833c750704dadae5613f39926ca39,traveling-conch-355,LOCAL,/home/juanbermeo/SynologyDriveRA/Framing/benchmark_subtask_2.py,juanbermeo,FINISHED,model_wide,0.9,ge,0.95,1,0.05,0.001,RandomForestClassifier(),independent,731,1,1,de_core_news_sm,True,raw_text,0.06630434782608695,0.07677227596370817,0.29482915970021156,0.021845247056238266,0.5156849109089542,0.025767762887474503,0.407764548178082,0.030498927227268543,0.7516523482245132,0.05245700824818543,0.26304070509464905,0.01377661004418784,0.3926037083899762,0.015471611029030507
2022-11-08 07:59:35,40ms,cdb5076633ee4015be5528f3321aae52,dazzling-whale-98,LOCAL,/home/juanbermeo/SynologyDriveRA/Framing/benchmark_subtask_2.py,juanbermeo,FINISHED,model_wide,0.9,ge,0.95,1,0.05,0.001,LinearSVC(),independent,731,1,1,de_core_news_sm,True,raw_text,0.05305958132045088,0.02651607263376353,0.33666991231791266,0.01762030987662309,0.5155656282933027,0.017465173205983803,0.44292051350045597,0.06584571374546837,0.6618298368298369,0.05222492246421793,0.3031446414060157,0.006834136550578008,0.4231933265838704,0.0017372898296046841
2022-11-08 07:59:35,41ms,70ec452d9ace40629a367998fb6af3f0,illustrious-gull-195,LOCAL,/home/juanbermeo/SynologyDriveRA/Framing/benchmark_subtask_2.py,juanbermeo,FINISHED,model_wide,0.9,ge,0.95,1,0.05,0.001,SVC(),independent,731,1,1,de_core_news_sm,True,raw_text,0.043478260869565216,0.061487546190134565,0.2580670009268133,0.008171096797235652,0.4794545051445617,0.006257376764794366,0.33000951229058256,0.022467263174536515,0.7350641025641025,0.05217090271475396,0.23289196812719493,0.009491046107599368,0.3570310546051241,0.013721078755135627
2022-11-08 07:59:35,41ms,7a7c569ede3948e182a5108b1f3e19c9,flawless-foal-977,LOCAL,/home/juanbermeo/SynologyDriveRA/Framing/benchmark_subtask_2.py,juanbermeo,FINISHED,model_wide,0.9,ge,0.95,1,0.05,0.001,RidgeClassifier(),independent,731,1,1,de_core_news_sm,True,raw_text,0.060144927536231886,0.05373079684613515,0.2982809258506382,0.02679615847741379,0.5029464975716882,0.01853176148781179,0.4125094713879048,0.07819559112923559,0.7114002589495222,0.044142234965150316,0.2656247796601478,0.012839681791710337,0.38918959992050767,0.008841140264138214
2022-11-08 07:59:35,41ms,83f591d9b9344ab28041e6635b17f8ae,adaptable-hawk-49,LOCAL,/home/juanbermeo/SynologyDriveRA/Framing/benchmark_subtask_2.py,juanbermeo,FINISHED,model_wide,0.9,ge,0.95,1,0.05,0.001,"LogisticRegression(l1_ratio=0.5, penalty='elasticnet', solver='saga')",independent,731,1,1,de_core_news_sm,True,raw_text,0.021739130434782608,0.030743773095067282,0.17710473227989332,0.011937738605493723,0.39333933947738736,0.007973361965745378,0.26950112297652346,0.029016525134038768,0.6976906318082788,0.059498555676551934,0.16937137173710062,0.00808442662760714,0.2751795114114837,0.014148632259918557
2022-11-08 07:59:34,41ms,8659d1c3fb844476a32530d2199ce372,casual-trout-975,LOCAL,/home/juanbermeo/SynologyDriveRA/Framing/benchmark_subtask_2.py,juanbermeo,FINISHED,model_wide,0.9,ge,0.95,1,0.05,0.001,"LogisticRegression(penalty='l1', solver='liblinear')",independent,731,1,1,de_core_news_sm,True,raw_text,0.03840579710144928,0.027858525777885633,0.19110703297817502,0.014470247377640905,0.41757330201140563,0.03139104494414217,0.2914035433649687,0.02176355609834671,0.697447661611119,0.04072515561729907,0.18415760023816288,0.016696170201344507,0.2980486238201899,0.024576970701547653
2022-11-08 07:59:34,40ms,8c30fdf86d3b47348caff9812e4dac99,unequaled-loon-836,LOCAL,/home/juanbermeo/SynologyDriveRA/Framing/benchmark_subtask_2.py,juanbermeo,FINISHED,model_wide,0.9,ge,0.95,1,0.05,0.001,LogisticRegression(),independent,731,1,1,de_core_news_sm,True,raw_text,0.028985507246376812,0.04099169746008971,0.24506809921068504,0.012612915311476383,0.4610669477361755,0.01270066666742024,0.3375341232810994,0.01355604482295136,0.7331652438035418,0.037977418729905794,0.2173609018995343,0.013895828792024195,0.33737039815986386,0.01868829709475112
2022-11-08 07:59:34,40ms,c75f0c0e7bd84f5ea03e304255aac9a7,handsome-sponge-351,LOCAL,/home/juanbermeo/SynologyDriveRA/Framing/benchmark_subtask_2.py,juanbermeo,FINISHED,model_wide,0.9,ge,0.95,1,0.05,0.001,LogisticRegression(penalty='none'),independent,731,1,1,de_core_news_sm,True,raw_text,0.029146537842190016,0.027071345764353907,0.39675973324439245,0.01415480516883095,0.5421813547057036,0.025678840016114975,0.46164356885967894,0.018407438117748285,0.619864155849411,0.033494299631782236,0.36727200478462424,0.008285320711912536,0.4823454168408637,0.02523391841339182
2022-11-08 07:59:34,41ms,005d8b41ab00423db63f106c7869baf7,carefree-steed-968,LOCAL,/home/juanbermeo/SynologyDriveRA/Framing/benchmark_subtask_2.py,juanbermeo,FINISHED,model_wide,0.9,ge,0.95,1,0.05,0.001,DummyClassifier(),independent,731,1,1,de_core_news_sm,True,raw_text,0,0,0.10010782090614022,0.004008801057201598,0.34320080349464765,0.007257360756194915,0.07715953531170923,0.004826398756610984,0.5401167471819646,0.033784791296276914,0.14285714285714285,0,0.2517877309283834,0.0006371363925450783
2022-11-08 07:59:34,43ms,744052ad1484424c9090c9aee2e561ba,dazzling-asp-613,LOCAL,/home/juanbermeo/SynologyDriveRA/Framing/benchmark_subtask_2.py,juanbermeo,FINISHED,model_wide,0.9,ge,0.95,1,0.05,0.001,DummyClassifier(strategy='uniform'),independent,731,1,1,de_core_news_sm,True,raw_text,0,0,0.368567091607928,0.0050058851015928486,0.3857240589856243,0.005364374203496456,0.31281028633166974,0.004015655785089066,0.3126295468226198,0.003834971371154218,0.5121842933715567,0.017148433015910527,0.5037398915717543,0.015112786867021137
2022-11-08 07:59:33,45ms,d35ce100170344cfb2e950b5019d0b88,judicious-dolphin-76,LOCAL,/home/juanbermeo/SynologyDriveRA/Framing/benchmark_subtask_2.py,juanbermeo,FINISHED,model_wide,0.9,ge,0.95,1,0.05,0.001,DummyClassifier(strategy='stratified'),independent,731,1,1,de_core_news_sm,True,raw_text,0,0,0.297786664405643,0.015226242537175824,0.3484432593045925,0.016530669913735134,0.2979864878346937,0.023202352303366695,0.3484027117571195,0.029591104873676288,0.30492345425330053,0.015617053211880408,0.34979199410329503,0.012004515930463793
2022-11-08 07:59:25,83ms,1db5149768b24f57a6f841d516179f9e,unequaled-crab-551,LOCAL,/home/juanbermeo/SynologyDriveRA/Framing/benchmark_subtask_2.py,juanbermeo,FINISHED,model_wide,0.9,ge,0.95,1,0.05,0.001,XGBRFClassifier,independent,215,1,1,de_core_news_sm,True,title_and_first_sentence_each_paragraph,0.015579710144927537,0.011096661471821416,0.3145147659178981,0.04073690174210136,0.4734837054722627,0.016524039850658038,0.409747965137345,0.08680348568934154,0.6298326261197548,0.04977705522148587,0.27538450734985065,0.026953303525467508,0.3801996475143734,0.009029512593796672
2022-11-08 07:59:23,62ms,15700e41aff14ec0bea2240d1b68345a,worried-stork-619,LOCAL,/home/juanbermeo/SynologyDriveRA/Framing/benchmark_subtask_2.py,juanbermeo,FINISHED,model_wide,0.9,ge,0.95,1,0.05,0.001,XGBClassifier(b,independent,215,1,1,de_core_news_sm,True,title_and_first_sentence_each_paragraph,0.008333333333333333,0.011785113019775794,0.31709220846420516,0.027538578374992406,0.45912300726811656,0.021693581543793257,0.36706790976410114,0.030163000376628786,0.5525443578035988,0.05144491866982341,0.29209405475894906,0.02719910355674559,0.39433137402022805,0.017814664539152432
2022-11-08 07:59:21,39ms,4c1528ddd4094dfab6582ffe8b755acd,ambitious-boar-116,LOCAL,/home/juanbermeo/SynologyDriveRA/Framing/benchmark_subtask_2.py,juanbermeo,FINISHED,model_wide,0.9,ge,0.95,1,0.05,0.001,RandomForestClassifier(),independent,215,1,1,de_core_news_sm,True,title_and_first_sentence_each_paragraph,0.015579710144927537,0.011096661471821416,0.2677297517990113,0.013619712370173268,0.4712870690499326,0.010382428924797266,0.35889010907393254,0.05790527638706739,0.666575167661181,0.05482489679997061,0.24308002885873395,0.00993743834030224,0.36600347194343,0.011900661663654577
2022-11-08 07:59:17,38ms,779da3c17fc84783a7e302ac3e591a56,unleashed-newt-181,LOCAL,/home/juanbermeo/SynologyDriveRA/Framing/benchmark_subtask_2.py,juanbermeo,FINISHED,model_wide,0.9,ge,0.95,1,0.05,0.001,LinearSVC(),independent,215,1,1,de_core_news_sm,True,title_and_first_sentence_each_paragraph,0.04565217391304347,0.035632727110563034,0.30547261605163767,0.017901439736208693,0.4772033596427085,0.031650690466037454,0.3846439347488646,0.056338089666183915,0.5977544419880455,0.06566626507348998,0.28122980440587114,0.011137801237695474,0.39817955232664204,0.01553669134921307
2022-11-08 07:59:17,38ms,f94dcea48b084a9f9ae34b353d7bb743,gregarious-duck-46,LOCAL,/home/juanbermeo/SynologyDriveRA/Framing/benchmark_subtask_2.py,juanbermeo,FINISHED,model_wide,0.9,ge,0.95,1,0.05,0.001,SVC(),independent,215,1,1,de_core_news_sm,True,title_and_first_sentence_each_paragraph,0.021739130434782608,0.030743773095067282,0.20379227509192144,0.00476819644669862,0.4001820325618953,0.01672158150697183,0.2899096558519718,0.03185818351876511,0.6752660164961709,0.06917390673863259,0.1816733685592213,0.016627801267987966,0.28768355293698544,0.02846218143378383
2022-11-08 07:59:16,37ms,7e2e99bb8acc4c2786f90679a10f5c41,beautiful-snake-272,LOCAL,/home/juanbermeo/SynologyDriveRA/Framing/benchmark_subtask_2.py,juanbermeo,FINISHED,model_wide,0.9,ge,0.95,1,0.05,0.001,RidgeClassifier(),independent,215,1,1,de_core_news_sm,True,title_and_first_sentence_each_paragraph,0.057971014492753624,0.08198339492017942,0.26903808597170203,0.006935105738058972,0.46525077245416235,0.021857900435747743,0.3425550657564516,0.027162992666936715,0.6317838109602816,0.06794334848686011,0.24883212311113104,0.001547217376861325,0.36965215039919963,0.004734348557255893
2022-11-08 07:59:16,38ms,6bc1e3f9b3814e7997cb1b5b1511e3fa,casual-cow-252,LOCAL,/home/juanbermeo/SynologyDriveRA/Framing/benchmark_subtask_2.py,juanbermeo,FINISHED,model_wide,0.9,ge,0.95,1,0.05,0.001,"LogisticRegression(l1_ratio=0.5, penalty='elasticnet', solver='saga')",independent,215,1,1,de_core_news_sm,True,title_and_first_sentence_each_paragraph,0.028985507246376812,0.04099169746008971,0.18918495328724408,0.008349427499241547,0.3942454329126848,0.0061969111156716826,0.3044327367452253,0.036609841396583555,0.702483376882714,0.04967564445193406,0.17046719526864904,0.00945541062380786,0.2751795114114837,0.014148632259918557
2022-11-08 07:59:16,37ms,1f0c3ee6b8c846e285f8255b58c8990e,silent-shrew-617,LOCAL,/home/juanbermeo/SynologyDriveRA/Framing/benchmark_subtask_2.py,juanbermeo,FINISHED,model_wide,0.9,ge,0.95,1,0.05,0.001,"LogisticRegression(penalty='l1', solver='liblinear')",independent,215,1,1,de_core_news_sm,True,title_and_first_sentence_each_paragraph,0.014492753623188406,0.020495848730044855,0.1513188201387716,0.0035672595886607037,0.34617357148403866,0.031232017743726928,0.20472816082492448,0.03391242425966074,0.671957671957672,0.08432474841539275,0.14586039729901623,0.016764890367373338,0.23741574323000258,0.03482118903633102
2022-11-08 07:59:16,38ms,69c40ce59fb84a02b5622708140dbb75,marvelous-chimp-304,LOCAL,/home/juanbermeo/SynologyDriveRA/Framing/benchmark_subtask_2.py,juanbermeo,FINISHED,model_wide,0.9,ge,0.95,1,0.05,0.001,LogisticRegression(),independent,215,1,1,de_core_news_sm,True,title_and_first_sentence_each_paragraph,0.028985507246376812,0.04099169746008971,0.2126821170583728,0.008565450540965892,0.414126396544456,0.007857185013921084,0.30023088023088024,0.029071861170922277,0.6900460468934378,0.05074094813731381,0.1874783221195928,0.0017757147540094949,0.29655598962539254,0.007394905521370228
2022-11-08 07:59:16,38ms,28723d5c127043d89138ad99c65c6e15,valuable-cow-280,LOCAL,/home/juanbermeo/SynologyDriveRA/Framing/benchmark_subtask_2.py,juanbermeo,FINISHED,model_wide,0.9,ge,0.95,1,0.05,0.001,LogisticRegression(penalty='none'),independent,215,1,1,de_core_news_sm,True,title_and_first_sentence_each_paragraph,0.030072463768115943,0.026865398423067576,0.3402752830896323,0.029328425845523604,0.48326401951140946,0.037096527952859205,0.380590367452571,0.04587484788409057,0.541103699640285,0.054417540224972534,0.3250563300580847,0.025903218260479914,0.4376240721411149,0.02904698393487954
2022-11-08 07:59:16,39ms,03299e6cb5cb41d38b2b63a8cd8c5d04,skillful-vole-112,LOCAL,/home/juanbermeo/SynologyDriveRA/Framing/benchmark_subtask_2.py,juanbermeo,FINISHED,model_wide,0.9,ge,0.95,1,0.05,0.001,DummyClassifier(),independent,215,1,1,de_core_news_sm,True,title_and_first_sentence_each_paragraph,0,0,0.10010782090614022,0.004008801057201598,0.34320080349464765,0.007257360756194915,0.07715953531170923,0.004826398756610984,0.5401167471819646,0.033784791296276914,0.14285714285714285,0,0.2517877309283834,0.0006371363925450783
2022-11-08 07:59:15,41ms,ce230c9225a8440aa77423c4dc7d6871,wise-gnat-599,LOCAL,/home/juanbermeo/SynologyDriveRA/Framing/benchmark_subtask_2.py,juanbermeo,FINISHED,model_wide,0.9,ge,0.95,1,0.05,0.001,DummyClassifier(strategy='uniform'),independent,215,1,1,de_core_news_sm,True,title_and_first_sentence_each_paragraph,0,0,0.3736857974832959,0.01430711534693051,0.39869995132191277,0.014446653363675413,0.32116085342584294,0.026714346467311436,0.3216427750559487,0.020059241392625854,0.4994234148019747,0.019474074290147463,0.5266739144947025,0.019214561639747874
2022-11-08 07:59:15,40ms,aa3eaf1daa1344c4b83085dc8458b8b2,languid-trout-914,LOCAL,/home/juanbermeo/SynologyDriveRA/Framing/benchmark_subtask_2.py,juanbermeo,FINISHED,model_wide,0.9,ge,0.95,1,0.05,0.001,DummyClassifier(strategy='stratified'),independent,215,1,1,de_core_news_sm,True,title_and_first_sentence_each_paragraph,0,0,0.31251486273821216,0.009563230210524227,0.37347996074045214,0.002696037537986893,0.3293139184475982,0.0007238310331715018,0.379541495582929,0.004670013964486059,0.3101900708160203,0.01405217531948523,0.3678718795654626,0.009468440444062903
2022-11-08 07:59:12,57ms,b039f2aee95640a3b872bdaa77b9379d,unequaled-newt-510,LOCAL,/home/juanbermeo/SynologyDriveRA/Framing/benchmark_subtask_2.py,juanbermeo,FINISHED,model_wide,0.9,ge,0.95,1,0.05,0.001,XGBRFClassifier,independent,141,1,1,de_core_news_sm,True,title_and_10_sentences,0.014492753623188406,0.020495848730044855,0.288745180250493,0.006902447147166824,0.44518705494022637,0.015713897319028187,0.3752774394866558,0.017685734816362767,0.5995670995670995,0.020003490939805985,0.2553747910300657,0.018756179735047996,0.35564978347267556,0.027671889960375052
2022-11-08 07:59:10,64ms,5122f63102474d0ab7e2e0c7758bc7ce,learned-panda-238,LOCAL,/home/juanbermeo/SynologyDriveRA/Framing/benchmark_subtask_2.py,juanbermeo,FINISHED,model_wide,0.9,ge,0.95,1,0.05,0.001,XGBClassifier(b,independent,141,1,1,de_core_news_sm,True,title_and_10_sentences,0,0,0.31029192263313277,0.011737917938459888,0.44364631691043116,0.01528884989248728,0.37361680277149095,0.030106075131300553,0.5464234943937557,0.034203365456847865,0.27922998528167936,0.008228308808572917,0.3746707175749678,0.02013258907536974
2022-11-08 07:59:08,39ms,9dfa79b4daf24a9081735561153d19f1,aged-snail-436,LOCAL,/home/juanbermeo/SynologyDriveRA/Framing/benchmark_subtask_2.py,juanbermeo,FINISHED,model_wide,0.9,ge,0.95,1,0.05,0.001,RandomForestClassifier(),independent,141,1,1,de_core_news_sm,True,title_and_10_sentences,0.021900161030595815,0.0177513865114598,0.25862475513089794,0.015721940728974277,0.4603047736189998,0.005632381508166774,0.3186704459543079,0.04408998251511074,0.664306784660767,0.07936001034844768,0.23561433599628512,0.012363747799351265,0.35531523283647565,0.015544291812693605
2022-11-08 07:59:04,36ms,72e04eb05a2548c89c6d870b415923d7,gentle-squirrel-363,LOCAL,/home/juanbermeo/SynologyDriveRA/Framing/benchmark_subtask_2.py,juanbermeo,FINISHED,model_wide,0.9,ge,0.95,1,0.05,0.001,LinearSVC(),independent,141,1,1,de_core_news_sm,True,title_and_10_sentences,0.007407407407407408,0.010475656017578482,0.2941930203550102,0.023898609033269548,0.44916701827450095,0.03049012261460674,0.3320264642062842,0.032009586080004086,0.5422504101981573,0.060505464414292214,0.27765302090833793,0.029528268835438697,0.38627447180222657,0.033768938214799336
2022-11-08 07:59:04,40ms,70c3841e7a7c47e78cc200da189acd26,wistful-squid-176,LOCAL,/home/juanbermeo/SynologyDriveRA/Framing/benchmark_subtask_2.py,juanbermeo,FINISHED,model_wide,0.9,ge,0.95,1,0.05,0.001,SVC(),independent,141,1,1,de_core_news_sm,True,title_and_10_sentences,0.014492753623188406,0.020495848730044855,0.20920971057689144,0.011575610588286671,0.4209855430973444,0.021277346777660914,0.29344223764834115,0.025942827219420896,0.7239514176364915,0.06614114863133894,0.19137014709265346,0.020482338483498497,0.3000994576741916,0.03135222247710828
2022-11-08 07:59:04,52ms,79359334374c445dacf69f3ed78fa5da,chill-rat-685,LOCAL,/home/juanbermeo/SynologyDriveRA/Framing/benchmark_subtask_2.py,juanbermeo,FINISHED,model_wide,0.9,ge,0.95,1,0.05,0.001,RidgeClassifier(),independent,141,1,1,de_core_news_sm,True,title_and_10_sentences,0.014653784219001612,0.01036366693056624,0.27265570218386176,0.005546504068426011,0.45915477849721054,0.005813076593495129,0.32665812144255696,0.01878018177484223,0.6089820923023127,0.05636126099632034,0.2539657078188509,0.018574169501718328,0.37157362467387084,0.022380878480479673
2022-11-08 07:59:04,37ms,5c4d6258370c47b5a3185635e1486dc3,unruly-calf-685,LOCAL,/home/juanbermeo/SynologyDriveRA/Framing/benchmark_subtask_2.py,juanbermeo,FINISHED,model_wide,0.9,ge,0.95,1,0.05,0.001,"LogisticRegression(l1_ratio=0.5, penalty='elasticnet', solver='saga')",independent,141,1,1,de_core_news_sm,True,title_and_10_sentences,0.021739130434782608,0.030743773095067282,0.17217607544328792,0.009872668774066192,0.3730083857442348,0.02699044388987326,0.28157729731977854,0.05551076099998644,0.6933193355957584,0.046650054314635966,0.15866841905844462,0.017499194960863256,0.25735219245259916,0.03048184498796164
2022-11-08 07:59:03,37ms,507d9a0323fa40d2af5450effd6b16c4,dapper-ram-499,LOCAL,/home/juanbermeo/SynologyDriveRA/Framing/benchmark_subtask_2.py,juanbermeo,FINISHED,model_wide,0.9,ge,0.95,1,0.05,0.001,"LogisticRegression(penalty='l1', solver='liblinear')",independent,141,1,1,de_core_news_sm,True,title_and_10_sentences,0.021739130434782608,0.030743773095067282,0.16171164262382062,0.019870851680185958,0.354976110133061,0.05724458820518856,0.24332587161414343,0.006464090689407533,0.7143277893277894,0.04343572918847461,0.14929921243859864,0.030661870665351698,0.24087107449050635,0.052613533338063276
2022-11-08 07:59:03,38ms,dc5adeb1a45d42b58eb51d7bda3b26a9,painted-croc-668,LOCAL,/home/juanbermeo/SynologyDriveRA/Framing/benchmark_subtask_2.py,juanbermeo,FINISHED,model_wide,0.9,ge,0.95,1,0.05,0.001,LogisticRegression(),independent,141,1,1,de_core_news_sm,True,title_and_10_sentences,0.014492753623188406,0.020495848730044855,0.21551967218871984,0.0125401329192607,0.4235943065508172,0.01828954577445974,0.27910926010080145,0.027742887613081486,0.6883091029053762,0.05854987288668217,0.19738230914028465,0.019229169668763445,0.3089955820858055,0.02949655053094763
2022-11-08 07:59:03,36ms,74cd2c0780384ce2821e5199f4cfb2e5,efficient-cow-764,LOCAL,/home/juanbermeo/SynologyDriveRA/Framing/benchmark_subtask_2.py,juanbermeo,FINISHED,model_wide,0.9,ge,0.95,1,0.05,0.001,LogisticRegression(penalty='none'),independent,141,1,1,de_core_news_sm,True,title_and_10_sentences,0.007407407407407408,0.010475656017578482,0.3475500512099606,0.0206517160695701,0.4690382074320081,0.028737230234479064,0.3796270991391144,0.027792771124990474,0.5045181378072625,0.050975745661956326,0.3376528045746648,0.011031690249274115,0.4393342027035383,0.012521585415387993
2022-11-08 07:59:03,37ms,fb18a28ae50c4e089208823735fb928e,amazing-rook-128,LOCAL,/home/juanbermeo/SynologyDriveRA/Framing/benchmark_subtask_2.py,juanbermeo,FINISHED,model_wide,0.9,ge,0.95,1,0.05,0.001,DummyClassifier(),independent,141,1,1,de_core_news_sm,True,title_and_10_sentences,0,0,0.10010782090614022,0.004008801057201598,0.34320080349464765,0.007257360756194915,0.07715953531170923,0.004826398756610984,0.5401167471819646,0.033784791296276914,0.14285714285714285,0,0.2517877309283834,0.0006371363925450783
2022-11-08 07:59:03,37ms,92a6a8354acf469fa90443e0ab6c4e90,blushing-horse-370,LOCAL,/home/juanbermeo/SynologyDriveRA/Framing/benchmark_subtask_2.py,juanbermeo,FINISHED,model_wide,0.9,ge,0.95,1,0.05,0.001,DummyClassifier(strategy='uniform'),independent,141,1,1,de_core_news_sm,True,title_and_10_sentences,0,0,0.354130326347782,0.011376765748900142,0.3734769075191584,0.013790635480365254,0.30423986521223706,0.011710426508166658,0.3026720670365355,0.0065474523822089264,0.49843458359697806,0.050498907492724426,0.4911131045714538,0.04782396351763197
2022-11-08 07:59:03,37ms,5093f640e6e4468286e7427fb48bcc32,languid-mouse-755,LOCAL,/home/juanbermeo/SynologyDriveRA/Framing/benchmark_subtask_2.py,juanbermeo,FINISHED,model_wide,0.9,ge,0.95,1,0.05,0.001,DummyClassifier(strategy='stratified'),independent,141,1,1,de_core_news_sm,True,title_and_10_sentences,0,0,0.3318333048961084,0.03131792474361678,0.38926596279537456,0.04303602283028104,0.3420687409096732,0.03328417052475628,0.3928583128583128,0.03486901926209844,0.33276563612986515,0.03732563419560071,0.3866994664724888,0.05311075667066488
2022-11-08 07:59:00,55ms,04ccdb9315f54793818695531dee5baf,fortunate-tern-970,LOCAL,/home/juanbermeo/SynologyDriveRA/Framing/benchmark_subtask_2.py,juanbermeo,FINISHED,model_wide,0.9,ge,0.95,1,0.05,0.001,XGBRFClassifier,independent,61,1,1,de_core_news_sm,True,title_and_5_sentences,0.014492753623188406,0.020495848730044855,0.2590676452674891,0.0035125790808855505,0.4291080618721311,0.0019415561268043562,0.35095031814487904,0.038219840555118824,0.5790515018299428,0.048624195232682584,0.23459986015764048,0.014575820966221452,0.3430988279499137,0.016340829137621943
2022-11-08 07:58:59,53ms,868e4306020148afb505bd81a401f8e8,mysterious-zebra-404,LOCAL,/home/juanbermeo/SynologyDriveRA/Framing/benchmark_subtask_2.py,juanbermeo,FINISHED,model_wide,0.9,ge,0.95,1,0.05,0.001,XGBClassifier(b,independent,61,1,1,de_core_news_sm,True,title_and_5_sentences,0.022826086956521736,0.017816363555281517,0.2778801269741081,0.011705114345051235,0.4342525231692865,0.020999214569903706,0.31816820972449017,0.011667212711497529,0.5249737627043748,0.04308281485788092,0.2618819444889575,0.016515002059368063,0.3713153669643629,0.01602350884147644
2022-11-08 07:58:57,37ms,3051d6262f7f4633b95221b5d24abbd0,rare-shrike-890,LOCAL,/home/juanbermeo/SynologyDriveRA/Framing/benchmark_subtask_2.py,juanbermeo,FINISHED,model_wide,0.9,ge,0.95,1,0.05,0.001,RandomForestClassifier(),independent,61,1,1,de_core_news_sm,True,title_and_5_sentences,0,0,0.2739071546081293,0.03483176149192328,0.4248373821850524,0.030610828378702968,0.33476360302714986,0.05268495409047958,0.5401773296530928,0.04843696802292937,0.2520161395348884,0.040361345057509136,0.35498683485565413,0.044564062251093196
2022-11-08 07:58:54,37ms,e69d475f8cce40729bcd57634d910fde,incongruous-kite-672,LOCAL,/home/juanbermeo/SynologyDriveRA/Framing/benchmark_subtask_2.py,juanbermeo,FINISHED,model_wide,0.9,ge,0.95,1,0.05,0.001,LinearSVC(),independent,61,1,1,de_core_news_sm,True,title_and_5_sentences,0,0,0.31101489427021684,0.020158896472461513,0.4261264598446262,0.02840098009770488,0.3736897079023494,0.044156960665112606,0.5031601015116407,0.07051744977561974,0.2833295306426664,0.017581840655446074,0.3729255168768875,0.017664614894616064
2022-11-08 07:58:54,37ms,c9144b5d45a04bb38f23ea5a94a6577a,stately-gnu-973,LOCAL,/home/juanbermeo/SynologyDriveRA/Framing/benchmark_subtask_2.py,juanbermeo,FINISHED,model_wide,0.9,ge,0.95,1,0.05,0.001,SVC(),independent,61,1,1,de_core_news_sm,True,title_and_5_sentences,0.007246376811594203,0.010247924365022427,0.2145007706048169,0.009876281749627352,0.41294825328086676,0.01252429759281883,0.2845613010399977,0.014300745622148711,0.6595419783324793,0.06392911717929278,0.19512865532686505,0.016451230090438862,0.30360739413818066,0.025231130613438426
2022-11-08 07:58:53,36ms,77343bfb03594cceb983d8fc4022e866,persistent-robin-277,LOCAL,/home/juanbermeo/SynologyDriveRA/Framing/benchmark_subtask_2.py,juanbermeo,FINISHED,model_wide,0.9,ge,0.95,1,0.05,0.001,RidgeClassifier(),independent,61,1,1,de_core_news_sm,True,title_and_5_sentences,0,0,0.2714657984980551,0.0051380612892936274,0.42543978587790715,0.019427774037585565,0.3453904211257153,0.009510656650257325,0.5480215415964901,0.06691025414966977,0.24689654211544773,0.006608630812566627,0.34994457995667916,0.004874844488265658
2022-11-08 07:58:53,37ms,88ec0a3237d24cd9957863f5ba0a4351,rambunctious-cat-431,LOCAL,/home/juanbermeo/SynologyDriveRA/Framing/benchmark_subtask_2.py,juanbermeo,FINISHED,model_wide,0.9,ge,0.95,1,0.05,0.001,"LogisticRegression(l1_ratio=0.5, penalty='elasticnet', solver='saga')",independent,61,1,1,de_core_news_sm,True,title_and_5_sentences,0.007246376811594203,0.010247924365022427,0.17875687155820988,0.008971382983477442,0.3651762660882934,0.013968202284940483,0.2776218062982769,0.023217430421396977,0.6406284074560432,0.07142824097869571,0.1598989837480886,0.009900936090711897,0.2569295050281038,0.015037496035772107
2022-11-08 07:58:53,38ms,85023d8f59b445fd9c69d2c53be40175,suave-shrew-10,LOCAL,/home/juanbermeo/SynologyDriveRA/Framing/benchmark_subtask_2.py,juanbermeo,FINISHED,model_wide,0.9,ge,0.95,1,0.05,0.001,"LogisticRegression(penalty='l1', solver='liblinear')",independent,61,1,1,de_core_news_sm,True,title_and_5_sentences,0.014492753623188406,0.020495848730044855,0.16921714801525134,0.011703048741419336,0.3661196096506069,0.023853363256264255,0.28838371702939947,0.03614217253703472,0.6667648241376772,0.02500916912237124,0.15606012936575595,0.01766009990259523,0.25370920520305457,0.026091903136975528
2022-11-08 07:58:53,34ms,8c4f871fbf9c480eb1d0f7bf0a06fe2f,ambitious-snail-742,LOCAL,/home/juanbermeo/SynologyDriveRA/Framing/benchmark_subtask_2.py,juanbermeo,FINISHED,model_wide,0.9,ge,0.95,1,0.05,0.001,LogisticRegression(),independent,61,1,1,de_core_news_sm,True,title_and_5_sentences,0.007246376811594203,0.010247924365022427,0.2143722777480932,0.014281356427068102,0.41348338606538776,0.024885958955472704,0.28109959880647123,0.019020281163850964,0.6501345227980742,0.055637007269679926,0.19693067921295138,0.02624267401306319,0.3073091392465889,0.03773105066758237
2022-11-08 07:58:53,38ms,1ae7d427d6b24cd6a46c52b01116253e,spiffy-grub-613,LOCAL,/home/juanbermeo/SynologyDriveRA/Framing/benchmark_subtask_2.py,juanbermeo,FINISHED,model_wide,0.9,ge,0.95,1,0.05,0.001,LogisticRegression(penalty='none'),independent,61,1,1,de_core_news_sm,True,title_and_5_sentences,0,0,0.3668807904121863,0.0046954088100349175,0.4341424379319665,0.017436644216415824,0.3652441943734513,0.01234284313169014,0.4276608110860168,0.036111941011110794,0.37979188369983136,0.017910729693532204,0.44271324103735,0.009065567434485182
2022-11-08 07:58:53,36ms,3aed37793c704d9386bf2b2c931c03a3,nebulous-dolphin-560,LOCAL,/home/juanbermeo/SynologyDriveRA/Framing/benchmark_subtask_2.py,juanbermeo,FINISHED,model_wide,0.9,ge,0.95,1,0.05,0.001,DummyClassifier(),independent,61,1,1,de_core_news_sm,True,title_and_5_sentences,0,0,0.10010782090614022,0.004008801057201598,0.34320080349464765,0.007257360756194915,0.07715953531170923,0.004826398756610984,0.5401167471819646,0.033784791296276914,0.14285714285714285,0,0.2517877309283834,0.0006371363925450783
2022-11-08 07:58:52,36ms,60024632356f49da84f4161343ed7b6b,dapper-lamb-707,LOCAL,/home/juanbermeo/SynologyDriveRA/Framing/benchmark_subtask_2.py,juanbermeo,FINISHED,model_wide,0.9,ge,0.95,1,0.05,0.001,DummyClassifier(strategy='uniform'),independent,61,1,1,de_core_news_sm,True,title_and_5_sentences,0,0,0.3907565545728419,0.00544199244756121,0.4106279143543768,0.008847795691869161,0.33039840385132685,0.016196356718738224,0.33402281226950886,0.014361574044123668,0.5377196282784662,0.021188447592836047,0.5339186662027564,0.00880545266198143
2022-11-08 07:58:52,35ms,f83ea877de544314930dc828847f0043,invincible-newt-97,LOCAL,/home/juanbermeo/SynologyDriveRA/Framing/benchmark_subtask_2.py,juanbermeo,FINISHED,model_wide,0.9,ge,0.95,1,0.05,0.001,DummyClassifier(strategy='stratified'),independent,61,1,1,de_core_news_sm,True,title_and_5_sentences,0,0,0.28656552760786075,0.03996786847894357,0.35523984020665006,0.04004981275056325,0.2884157623785786,0.025005283395085672,0.354757522176089,0.0239926006019719,0.29337501018714124,0.05657485628914995,0.35949842322824294,0.06295381931183013
2022-11-08 07:58:51,53ms,431e288f9b9847108ec2bb4889f4611b,monumental-shark-538,LOCAL,/home/juanbermeo/SynologyDriveRA/Framing/benchmark_subtask_2.py,juanbermeo,FINISHED,model_wide,0.9,ge,0.95,1,0.05,0.001,XGBRFClassifier,independent,40,1,1,de_core_news_sm,True,title_and_first_paragraph,0.030072463768115943,0.026865398423067576,0.29479429117512657,0.01681861942146644,0.45454364137468445,0.016759911635231006,0.38462037737976945,0.05316419669104027,0.5845779043244594,0.050714717119325924,0.2671359059769344,0.002339010307821609,0.37304872380083975,0.010174609468155507
2022-11-08 07:58:49,52ms,834bca6d6b3f4fc297d94cfc9dd53a9e,magnificent-carp-79,LOCAL,/home/juanbermeo/SynologyDriveRA/Framing/benchmark_subtask_2.py,juanbermeo,FINISHED,model_wide,0.9,ge,0.95,1,0.05,0.001,XGBClassifier(b,independent,40,1,1,de_core_news_sm,True,title_and_first_paragraph,0.014492753623188406,0.020495848730044855,0.2959826693360677,0.02563682402479594,0.44272488598553106,0.023866793849627244,0.35857360334638083,0.06416548118488585,0.5359143920294999,0.05651871206488053,0.27186695425691254,0.007918234293739414,0.37842506788686125,0.009008136807333197
2022-11-08 07:58:48,43ms,557dd3d60f7b448586aadae3a3b5e4b3,stylish-carp-604,LOCAL,/home/juanbermeo/SynologyDriveRA/Framing/benchmark_subtask_2.py,juanbermeo,FINISHED,model_wide,0.9,ge,0.95,1,0.05,0.001,RandomForestClassifier(),independent,40,1,1,de_core_news_sm,True,title_and_first_paragraph,0.021900161030595815,0.0177513865114598,0.3137899596487624,0.017283011424991963,0.4667508019191486,0.011256363030218583,0.3953104224467407,0.07515372278522371,0.5615221730164258,0.05229791009301531,0.2922482793015503,0.013430858210672978,0.40184622729939345,0.011550504211842913
2022-11-08 07:58:44,33ms,7e02c8ec80e144f79f26620109fdcbcf,adventurous-yak-683,LOCAL,/home/juanbermeo/SynologyDriveRA/Framing/benchmark_subtask_2.py,juanbermeo,FINISHED,model_wide,0.9,ge,0.95,1,0.05,0.001,LinearSVC(),independent,40,1,1,de_core_news_sm,True,title_and_first_paragraph,0,0,0.3175781530744788,0.0013668251919127408,0.44650024591658094,0.013738440873205535,0.377613852357569,0.016653498989288664,0.5226844077244598,0.03605930753995155,0.29256803026321127,0.008279902260473579,0.39089973048293114,0.013239538426259608
2022-11-08 07:58:44,33ms,fc79a46a42094ff8b4a2a761a7c8bc0d,rebellious-shoat-902,LOCAL,/home/juanbermeo/SynologyDriveRA/Framing/benchmark_subtask_2.py,juanbermeo,FINISHED,model_wide,0.9,ge,0.95,1,0.05,0.001,SVC(),independent,40,1,1,de_core_news_sm,True,title_and_first_paragraph,0.007246376811594203,0.010247924365022427,0.22429676659319409,0.006318620015446553,0.3940671841317762,0.01023713134483295,0.3158725374143558,0.056901665417828096,0.5665051001712272,0.036283948011410966,0.20282180123511392,0.00920558452019988,0.303472343352625,0.01720626489934672
2022-11-08 07:58:44,35ms,a23a2320049143df96832d1430333c7b,treasured-hawk-863,LOCAL,/home/juanbermeo/SynologyDriveRA/Framing/benchmark_subtask_2.py,juanbermeo,FINISHED,model_wide,0.9,ge,0.95,1,0.05,0.001,RidgeClassifier(),independent,40,1,1,de_core_news_sm,True,title_and_first_paragraph,0.007246376811594203,0.010247924365022427,0.3028306087214782,0.004729731480506755,0.4563627169731174,0.020539239011004535,0.4046609660917489,0.020439385575947003,0.5652866444571636,0.04302984817207864,0.2748450365399147,0.009955034113509828,0.3836431349132737,0.017491271366541064
2022-11-08 07:58:44,35ms,195e4fc56fcc4fe5b592d3c2258e3142,blushing-koi-731,LOCAL,/home/juanbermeo/SynologyDriveRA/Framing/benchmark_subtask_2.py,juanbermeo,FINISHED,model_wide,0.9,ge,0.95,1,0.05,0.001,"LogisticRegression(l1_ratio=0.5, penalty='elasticnet', solver='saga')",independent,40,1,1,de_core_news_sm,True,title_and_first_paragraph,0.022826086956521736,0.017816363555281517,0.21228057015967017,0.011235409583647661,0.3892073298242975,0.004768250123968225,0.34690370512904783,0.07033847798972222,0.6244639376218323,0.05022454131505808,0.18453840091846554,0.009264153755489567,0.2840287218258374,0.012986296976984167
2022-11-08 07:58:44,33ms,d08bfe83b023414d897d2bc9326c4748,youthful-carp-994,LOCAL,/home/juanbermeo/SynologyDriveRA/Framing/benchmark_subtask_2.py,juanbermeo,FINISHED,model_wide,0.9,ge,0.95,1,0.05,0.001,"LogisticRegression(penalty='l1', solver='liblinear')",independent,40,1,1,de_core_news_sm,True,title_and_first_paragraph,0.014492753623188406,0.020495848730044855,0.16456607427914643,0.019939587254676826,0.32612967021567246,0.03514843140986641,0.30639333092231325,0.08345674180745417,0.6416881998277347,0.07441631173294762,0.14257879353114242,0.022377841595142958,0.22338968858027167,0.03938630410812292
2022-11-08 07:58:44,33ms,ca6b51c0f782451eae87db023df1d596,casual-cod-914,LOCAL,/home/juanbermeo/SynologyDriveRA/Framing/benchmark_subtask_2.py,juanbermeo,FINISHED,model_wide,0.9,ge,0.95,1,0.05,0.001,LogisticRegression(),independent,40,1,1,de_core_news_sm,True,title_and_first_paragraph,0.021739130434782608,0.030743773095067282,0.21526105523492978,0.0120784778631154,0.3988692736140795,0.027356687225779813,0.2762492277685384,0.02664075263115963,0.6089572681338781,0.06369308421481934,0.19489749879102417,0.019439411398663422,0.2997179930407315,0.031754165293670276
2022-11-08 07:58:44,35ms,f1896470abb247b88f1540fceb539ec9,peaceful-asp-823,LOCAL,/home/juanbermeo/SynologyDriveRA/Framing/benchmark_subtask_2.py,juanbermeo,FINISHED,model_wide,0.9,ge,0.95,1,0.05,0.001,LogisticRegression(penalty='none'),independent,40,1,1,de_core_news_sm,True,title_and_first_paragraph,0.007407407407407408,0.010475656017578482,0.3779440964273371,0.02793642713890308,0.4527353370994016,0.03246758799962401,0.3789005966216656,0.05289719757241518,0.44546375288063267,0.05960366518579877,0.38856490854668846,0.009756302663707217,0.4641190981806906,0.009425844947126817
2022-11-08 07:58:43,34ms,35aa71dcba1d4de5926126e502fef5e2,monumental-hog-466,LOCAL,/home/juanbermeo/SynologyDriveRA/Framing/benchmark_subtask_2.py,juanbermeo,FINISHED,model_wide,0.9,ge,0.95,1,0.05,0.001,DummyClassifier(),independent,40,1,1,de_core_news_sm,True,title_and_first_paragraph,0,0,0.10010782090614022,0.004008801057201598,0.34320080349464765,0.007257360756194915,0.07715953531170923,0.004826398756610984,0.5401167471819646,0.033784791296276914,0.14285714285714285,0,0.2517877309283834,0.0006371363925450783
2022-11-08 07:58:43,34ms,625cb0e757b74e6ea6da589b9b2472b7,omniscient-fawn-125,LOCAL,/home/juanbermeo/SynologyDriveRA/Framing/benchmark_subtask_2.py,juanbermeo,FINISHED,model_wide,0.9,ge,0.95,1,0.05,0.001,DummyClassifier(strategy='uniform'),independent,40,1,1,de_core_news_sm,True,title_and_first_paragraph,0,0,0.3467981105215543,0.02732739948997155,0.3661759933757424,0.027570506602101023,0.302511483572982,0.026037954220115508,0.3001489478666548,0.026301592310683995,0.4640247155307584,0.026532546848184457,0.4701820786069404,0.03054162325886506
2022-11-08 07:58:43,33ms,87fb4dd13d5c4808bd24942070666a1a,adaptable-wasp-37,LOCAL,/home/juanbermeo/SynologyDriveRA/Framing/benchmark_subtask_2.py,juanbermeo,FINISHED,model_wide,0.9,ge,0.95,1,0.05,0.001,DummyClassifier(strategy='stratified'),independent,40,1,1,de_core_news_sm,True,title_and_first_paragraph,0,0,0.2696775349031281,0.017896714407344774,0.33516427789788344,0.018853542415830194,0.2784003939623955,0.0096691252518072,0.344785783582042,0.013376770079379643,0.26799853618029973,0.023682834181340102,0.32686412383572533,0.027112035318410794
2022-11-08 07:58:42,48ms,402e67095f474ec9b55484af18937199,auspicious-newt-57,LOCAL,/home/juanbermeo/SynologyDriveRA/Framing/benchmark_subtask_2.py,juanbermeo,FINISHED,model_wide,0.9,ge,0.95,1,0.05,0.001,XGBRFClassifier,independent,1,1,1,de_core_news_sm,True,title,0.021900161030595815,0.0177513865114598,0.1245707373969795,0.011832656447403141,0.2892933567711634,0.018018570341660208,0.20180533751962323,0.025112351521095214,0.6159223817118554,0.03895055184277966,0.11428186835374883,0.008518687329524387,0.18907463755476248,0.011988919544626438
2022-11-08 07:58:41,47ms,a1a7d1559a774fc3a778467cacf16114,puzzled-frog-601,LOCAL,/home/juanbermeo/SynologyDriveRA/Framing/benchmark_subtask_2.py,juanbermeo,FINISHED,model_wide,0.9,ge,0.95,1,0.05,0.001,XGBClassifier(b,independent,1,1,1,de_core_news_sm,True,title,0.021900161030595815,0.0177513865114598,0.1245707373969795,0.011832656447403141,0.2892933567711634,0.018018570341660208,0.20180533751962323,0.025112351521095214,0.6159223817118554,0.03895055184277966,0.11428186835374883,0.008518687329524387,0.18907463755476248,0.011988919544626438
2022-11-08 07:58:40,34ms,384a1205df544f82b7783d5e21c19bb9,unique-ape-595,LOCAL,/home/juanbermeo/SynologyDriveRA/Framing/benchmark_subtask_2.py,juanbermeo,FINISHED,model_wide,0.9,ge,0.95,1,0.05,0.001,RandomForestClassifier(),independent,1,1,1,de_core_news_sm,True,title,0.021900161030595815,0.0177513865114598,0.1245707373969795,0.011832656447403141,0.2892933567711634,0.018018570341660208,0.20180533751962323,0.025112351521095214,0.6159223817118554,0.03895055184277966,0.11428186835374883,0.008518687329524387,0.18907463755476248,0.011988919544626438
2022-11-08 07:58:37,32ms,fdb9288b4b984811989b3c84e059f477,lyrical-moth-204,LOCAL,/home/juanbermeo/SynologyDriveRA/Framing/benchmark_subtask_2.py,juanbermeo,FINISHED,model_wide,0.9,ge,0.95,1,0.05,0.001,LinearSVC(),independent,1,1,1,de_core_news_sm,True,title,0.021900161030595815,0.0177513865114598,0.1245707373969795,0.011832656447403141,0.2892933567711634,0.018018570341660208,0.20180533751962323,0.025112351521095214,0.6159223817118554,0.03895055184277966,0.11428186835374883,0.008518687329524387,0.18907463755476248,0.011988919544626438
2022-11-08 07:58:37,32ms,94865773b3344961aaab8da0a15ecbc8,auspicious-bat-888,LOCAL,/home/juanbermeo/SynologyDriveRA/Framing/benchmark_subtask_2.py,juanbermeo,FINISHED,model_wide,0.9,ge,0.95,1,0.05,0.001,SVC(),independent,1,1,1,de_core_news_sm,True,title,0.021900161030595815,0.0177513865114598,0.1245707373969795,0.011832656447403141,0.2892933567711634,0.018018570341660208,0.20180533751962323,0.025112351521095214,0.6159223817118554,0.03895055184277966,0.11428186835374883,0.008518687329524387,0.18907463755476248,0.011988919544626438
2022-11-08 07:58:37,32ms,f7e95443dfb34b45b8461ec032eda87e,dazzling-sponge-411,LOCAL,/home/juanbermeo/SynologyDriveRA/Framing/benchmark_subtask_2.py,juanbermeo,FINISHED,model_wide,0.9,ge,0.95,1,0.05,0.001,RidgeClassifier(),independent,1,1,1,de_core_news_sm,True,title,0.021900161030595815,0.0177513865114598,0.1245707373969795,0.011832656447403141,0.2892933567711634,0.018018570341660208,0.20180533751962323,0.025112351521095214,0.6159223817118554,0.03895055184277966,0.11428186835374883,0.008518687329524387,0.18907463755476248,0.011988919544626438
2022-11-08 07:58:36,34ms,741e347fb0d1432086eab4ab7849e5a1,merciful-dog-528,LOCAL,/home/juanbermeo/SynologyDriveRA/Framing/benchmark_subtask_2.py,juanbermeo,FINISHED,model_wide,0.9,ge,0.95,1,0.05,0.001,"LogisticRegression(l1_ratio=0.5, penalty='elasticnet', solver='saga')",independent,1,1,1,de_core_news_sm,True,title,0.007407407407407408,0.010475656017578482,0.11276362745622902,0.004161506323203204,0.29706999926799893,0.0398435915321375,0.15572429640752622,0.03318501610953932,0.581627256547165,0.0419194585822875,0.11945104128607964,0.022875234736320874,0.20289550114762403,0.04165361956763143
2022-11-08 07:58:36,33ms,3770b76b3bf0433db21ddd0546e77bb7,judicious-wren-494,LOCAL,/home/juanbermeo/SynologyDriveRA/Framing/benchmark_subtask_2.py,juanbermeo,FINISHED,model_wide,0.9,ge,0.95,1,0.05,0.001,"LogisticRegression(penalty='l1', solver='liblinear')",independent,1,1,1,de_core_news_sm,True,title,0.021900161030595815,0.0177513865114598,0.10718978501602712,0.004242193171598027,0.2694483035411071,0.0019872523837455814,0.16711145996860285,0.01786975892726581,0.6080150060686307,0.033712540286596336,0.1025859619210003,0.0012184069341475844,0.1732270892802593,0.0011949921158156318
2022-11-08 07:58:36,33ms,17a36bedd2b647bb9da1de90027b4e37,wistful-mouse-996,LOCAL,/home/juanbermeo/SynologyDriveRA/Framing/benchmark_subtask_2.py,juanbermeo,FINISHED,model_wide,0.9,ge,0.95,1,0.05,0.001,LogisticRegression(),independent,1,1,1,de_core_news_sm,True,title,0.007407407407407408,0.010475656017578482,0.1363988056654437,0.011480916241815749,0.34263926945791073,0.03956180212389788,0.17877796231833498,0.039601860531053905,0.5708122895622895,0.051546716097836225,0.1487452914041284,0.025932086206868963,0.24970844104325654,0.04473455238089892
2022-11-08 07:58:36,36ms,79c6ddc4c6764190bb20b88a0da00015,judicious-sponge-208,LOCAL,/home/juanbermeo/SynologyDriveRA/Framing/benchmark_subtask_2.py,juanbermeo,FINISHED,model_wide,0.9,ge,0.95,1,0.05,0.001,LogisticRegression(penalty='none'),independent,1,1,1,de_core_news_sm,True,title,0.021900161030595815,0.0177513865114598,0.1245707373969795,0.011832656447403141,0.2892933567711634,0.018018570341660208,0.20180533751962323,0.025112351521095214,0.6159223817118554,0.03895055184277966,0.11428186835374883,0.008518687329524387,0.18907463755476248,0.011988919544626438
2022-11-08 07:58:36,36ms,206ebdb93f1c4b0f8655b05e385b56a0,fortunate-sow-139,LOCAL,/home/juanbermeo/SynologyDriveRA/Framing/benchmark_subtask_2.py,juanbermeo,FINISHED,model_wide,0.9,ge,0.95,1,0.05,0.001,DummyClassifier(),independent,1,1,1,de_core_news_sm,True,title,0,0,0.10010782090614022,0.004008801057201598,0.34320080349464765,0.007257360756194915,0.07715953531170923,0.004826398756610984,0.5401167471819646,0.033784791296276914,0.14285714285714285,0,0.2517877309283834,0.0006371363925450783
2022-11-08 07:58:36,33ms,12776846118c4e00988878363967272e,charming-fly-599,LOCAL,/home/juanbermeo/SynologyDriveRA/Framing/benchmark_subtask_2.py,juanbermeo,FINISHED,model_wide,0.9,ge,0.95,1,0.05,0.001,DummyClassifier(strategy='uniform'),independent,1,1,1,de_core_news_sm,True,title,0,0,0.35257660114409634,0.018583715946203647,0.37968653481725,0.019413603500753013,0.31451017878147075,0.021859648936257334,0.3119540895747762,0.022313980918766383,0.45930809203925654,0.024314457612477667,0.48577136917193564,0.01022274286250038
2022-11-08 07:58:36,38ms,617c1a90b6ff402f994c30390eaaaf69,capable-stork-342,LOCAL,/home/juanbermeo/SynologyDriveRA/Framing/benchmark_subtask_2.py,juanbermeo,FINISHED,model_wide,0.9,ge,0.95,1,0.05,0.001,DummyClassifier(strategy='stratified'),independent,1,1,1,de_core_news_sm,True,title,0,0,0.2936566034869231,0.032996937933807646,0.3508545732866119,0.026083661475964512,0.29763756865060204,0.02069150513230015,0.3522737055491994,0.02067995047824877,0.29752586262066477,0.04758233793671241,0.352077397943598,0.042180440004025106
2022-11-08 07:57:44,53ms,2452a99ed6de42fc8250bb6d6e1fa258,shivering-stork-518,LOCAL,/home/juanbermeo/SynologyDriveRA/Framing/benchmark_subtask_2.py,juanbermeo,FINISHED,model_wide,0.9,fr,0.95,1,0.05,0.001,XGBRFClassifier,independent,1190,1,1,fr_core_news_sm,True,raw_text,0.03801362036656154,0.0012066538134814853,0.2664908210564185,0.02348061961576207,0.4422812589269211,0.01970403941518171,0.33665951069422984,0.014436367241125857,0.5962475633528266,0.0313580492631461,0.24279945513167633,0.027759382632728587,0.3547411707789066,0.03701977629018727
2022-11-08 07:57:42,52ms,8adb5f9bf772462f9f1832405152ca84,rebellious-moth-973,LOCAL,/home/juanbermeo/SynologyDriveRA/Framing/benchmark_subtask_2.py,juanbermeo,FINISHED,model_wide,0.9,fr,0.95,1,0.05,0.001,XGBClassifier(b,independent,1190,1,1,fr_core_news_sm,True,raw_text,0.03848896201837378,0.01659192046274717,0.2563615946442619,0.01550982797544973,0.4286302504890711,0.006971346912335558,0.32767278833178876,0.023873794896054276,0.6029539661118609,0.027224961345041702,0.22468859231882518,0.01693302904671633,0.3334542815674891,0.01555396172241188
2022-11-08 07:57:41,35ms,0ecf71f2e33a4fb48aa3f6a6eeaf41ab,loud-croc-494,LOCAL,/home/juanbermeo/SynologyDriveRA/Framing/benchmark_subtask_2.py,juanbermeo,FINISHED,model_wide,0.9,fr,0.95,1,0.05,0.001,RandomForestClassifier(),independent,1190,1,1,fr_core_news_sm,True,raw_text,0.06961698432286667,0.008747671052025325,0.2040091934163594,0.012576326205057373,0.39722822898072785,0.011902402878286075,0.28954526643602274,0.026465553847343972,0.7302283844736676,0.058029630650549134,0.16830095223721553,0.012747151431538267,0.2744315432994678,0.019159004558789487
2022-11-08 07:57:37,35ms,0dd0805dace34ae8b205ec5bb333d437,mysterious-pug-30,LOCAL,/home/juanbermeo/SynologyDriveRA/Framing/benchmark_subtask_2.py,juanbermeo,FINISHED,model_wide,0.9,fr,0.95,1,0.05,0.001,LinearSVC(),independent,1190,1,1,fr_core_news_sm,True,raw_text,0.07006490241784359,0.045658932029595437,0.24809526076255292,0.020351949465464675,0.4338236288280521,0.033374148375228466,0.37398427769668374,0.018511092161484655,0.7092924821373098,0.06844685047630514,0.2007895369159383,0.02366588089596812,0.3143444605708756,0.030811666507442916
2022-11-08 07:57:37,34ms,69ec19e88cb2462b98c3bdaf59029e6e,monumental-newt-576,LOCAL,/home/juanbermeo/SynologyDriveRA/Framing/benchmark_subtask_2.py,juanbermeo,FINISHED,model_wide,0.9,fr,0.95,1,0.05,0.001,SVC(),independent,1190,1,1,fr_core_news_sm,True,raw_text,0.057020430549842314,0.001809980720222228,0.16392808251194071,0.0037489451293349838,0.34740454486603717,0.01740517469011975,0.3121587018645842,0.03638924535521268,0.8549613784907902,0.09295181877971004,0.12549182282995716,0.008517389161254685,0.21952104499274308,0.01790878124802142
2022-11-08 07:57:37,34ms,27dc6adf564044d598a0eb4c1c94388b,mysterious-chimp-381,LOCAL,/home/juanbermeo/SynologyDriveRA/Framing/benchmark_subtask_2.py,juanbermeo,FINISHED,model_wide,0.9,fr,0.95,1,0.05,0.001,RidgeClassifier(),independent,1190,1,1,fr_core_news_sm,True,raw_text,0.057244389597330775,0.027537766846230737,0.2003008432521248,0.021648679008267963,0.39037604018362676,0.03818829052056244,0.32887974598500913,0.030144092173718887,0.7633131462942364,0.07959525762543157,0.15885837467224598,0.019784844691953973,0.2635865183034994,0.03158537655906613
2022-11-08 07:57:37,33ms,3ef740719e2646cc824a0f55a42a8260,aged-cod-538,LOCAL,/home/juanbermeo/SynologyDriveRA/Framing/benchmark_subtask_2.py,juanbermeo,FINISHED,model_wide,0.9,fr,0.95,1,0.05,0.001,"LogisticRegression(l1_ratio=0.5, penalty='elasticnet', solver='saga')",independent,1190,1,1,fr_core_news_sm,True,raw_text,0.04242424242424242,0.059996939009767665,0.09446655731548999,0.014101213137159247,0.20893309018362916,0.038578221797683734,0.2457983193277311,0.04781431376781949,0.9444444444444443,0.04536092116265146,0.0661783741303192,0.014093845320867372,0.11836800516045799,0.025607026027469143
2022-11-08 07:57:36,34ms,0bcb693fe8864efa9d0cf8eae76745a0,gaudy-jay-455,LOCAL,/home/juanbermeo/SynologyDriveRA/Framing/benchmark_subtask_2.py,juanbermeo,FINISHED,model_wide,0.9,fr,0.95,1,0.05,0.001,"LogisticRegression(penalty='l1', solver='liblinear')",independent,1190,1,1,fr_core_news_sm,True,raw_text,0.01818181818181818,0.025712973861329,0.11315597353042917,0.014509229309114698,0.22905085200167166,0.03341543180936564,0.2503501400560224,0.02069285271484781,0.8755941770647654,0.10511272944200613,0.079754103638543,0.013983794280071196,0.13304305757135945,0.02322542038808425
2022-11-08 07:57:36,34ms,96e08319b7cc4d67878d124d984b08a2,clumsy-bird-137,LOCAL,/home/juanbermeo/SynologyDriveRA/Framing/benchmark_subtask_2.py,juanbermeo,FINISHED,model_wide,0.9,fr,0.95,1,0.05,0.001,LogisticRegression(),independent,1190,1,1,fr_core_news_sm,True,raw_text,0.031002331002331,0.022884222874172272,0.10444389429896678,0.022566671272068888,0.2492813428074149,0.05575172121138971,0.19840208810797047,0.02054024006504726,0.8567147268972827,0.07342193118618963,0.07859490478113441,0.022605248884911017,0.14787937429446862,0.03806384387532831
2022-11-08 07:57:36,34ms,1cc2636286824b769687313bec2b1b07,popular-stoat-915,LOCAL,/home/juanbermeo/SynologyDriveRA/Framing/benchmark_subtask_2.py,juanbermeo,FINISHED,model_wide,0.9,fr,0.95,1,0.05,0.001,LogisticRegression(penalty='none'),independent,1190,1,1,fr_core_news_sm,True,raw_text,0.057594039946981125,0.0417565871753177,0.33498660653553625,0.038819267515253365,0.47663533365120453,0.03568551437946407,0.40643291238713614,0.0650094875037404,0.5642487732582331,0.04516163269940654,0.30138269045062877,0.03649325697438724,0.4134413804225125,0.0340613839721643
2022-11-08 07:57:36,35ms,ad671c9e60e94a53bec00afb2ea7f6c0,bold-pug-901,LOCAL,/home/juanbermeo/SynologyDriveRA/Framing/benchmark_subtask_2.py,juanbermeo,FINISHED,model_wide,0.9,fr,0.95,1,0.05,0.001,DummyClassifier(),independent,1190,1,1,fr_core_news_sm,True,raw_text,0,0,0,0,0,0,0,0,0,0,0,0,0,0
2022-11-08 07:57:36,37ms,eb37ab9158554c4eb5004ccef82926e8,victorious-ape-676,LOCAL,/home/juanbermeo/SynologyDriveRA/Framing/benchmark_subtask_2.py,juanbermeo,FINISHED,model_wide,0.9,fr,0.95,1,0.05,0.001,DummyClassifier(strategy='uniform'),independent,1190,1,1,fr_core_news_sm,True,raw_text,0,0,0.2827849597958393,0.029563905896255,0.30264291673518495,0.02935429324607812,0.2169583588538696,0.024923340415453858,0.21715249662618086,0.02277941692774411,0.49640754557838673,0.041599784304816576,0.4997177874536365,0.040661677882386775
2022-11-08 07:57:36,36ms,da505b63b79642959f59f10740534ecb,luminous-tern-436,LOCAL,/home/juanbermeo/SynologyDriveRA/Framing/benchmark_subtask_2.py,juanbermeo,FINISHED,model_wide,0.9,fr,0.95,1,0.05,0.001,DummyClassifier(strategy='stratified'),independent,1190,1,1,fr_core_news_sm,True,raw_text,0,0,0.17063067230088383,0.020028304383152017,0.2361876851919608,0.013349331196778703,0.17972351874434445,0.012585894851485278,0.2444651494070099,0.001280175763328863,0.16931316354186188,0.029584152627845892,0.2299225931301403,0.02597563375835525
2022-11-08 07:57:23,59ms,242bb59b77ac40b5ac3dc76e2f3f317f,valuable-cow-410,LOCAL,/home/juanbermeo/SynologyDriveRA/Framing/benchmark_subtask_2.py,juanbermeo,FINISHED,model_wide,0.9,fr,0.95,1,0.05,0.001,XGBRFClassifier,independent,405,1,1,fr_core_news_sm,True,title_and_first_sentence_each_paragraph,0.04454956807897984,0.010129487561914589,0.2154166401872063,0.016282313308991235,0.38241317804592273,0.014546479191975997,0.320025590594476,0.06653804600643665,0.6206896551724138,0.08479819653063549,0.1783426544514847,0.006256716892308893,0.2785840993388163,0.01261010617627051
2022-11-08 07:57:21,51ms,bc64d354cfd846379236f4b89e236054,sneaky-lamb-868,LOCAL,/home/juanbermeo/SynologyDriveRA/Framing/benchmark_subtask_2.py,juanbermeo,FINISHED,model_wide,0.9,fr,0.95,1,0.05,0.001,XGBClassifier(b,independent,405,1,1,fr_core_news_sm,True,title_and_first_sentence_each_paragraph,0.03836327071621189,0.016141347621406888,0.2145213034390129,0.02302748696246378,0.3604870800290893,0.020901704828177884,0.31558570989022117,0.06486175709374058,0.516927263502606,0.07529736305922624,0.17995740907832522,0.010202144808694524,0.2784631511046605,0.0032518859587285487
2022-11-08 07:57:19,33ms,11863842ff9c4a5b85013615257751e1,kindly-crab-473,LOCAL,/home/juanbermeo/SynologyDriveRA/Framing/benchmark_subtask_2.py,juanbermeo,FINISHED,model_wide,0.9,fr,0.95,1,0.05,0.001,RandomForestClassifier(),independent,405,1,1,fr_core_news_sm,True,title_and_first_sentence_each_paragraph,0.057495772201654555,0.017174643646765336,0.19871011110144557,0.012668586499521873,0.3804515857746214,0.003990811030530423,0.3245482031196317,0.05167638726199948,0.7162438632088645,0.10569390593985138,0.1581774947394479,0.006772608327699716,0.2616916626350589,0.012515009394206094
2022-11-08 07:57:16,34ms,a67b644a513f44cfaa269de8cd3776a3,bittersweet-flea-811,LOCAL,/home/juanbermeo/SynologyDriveRA/Framing/benchmark_subtask_2.py,juanbermeo,FINISHED,model_wide,0.9,fr,0.95,1,0.05,0.001,LinearSVC(),independent,405,1,1,fr_core_news_sm,True,title_and_first_sentence_each_paragraph,0.06343068696009872,0.009699103784207585,0.23884734499117735,0.013051190626955648,0.4091979879401381,0.02227911733340634,0.37275733525733523,0.013478673942411727,0.6569862934054274,0.047722581513060386,0.19065697007654683,0.012577497390307163,0.2973310756329624,0.015337181433573705
2022-11-08 07:57:16,34ms,8c7d4488214b472fa212a3bab1f45893,enchanting-quail-230,LOCAL,/home/juanbermeo/SynologyDriveRA/Framing/benchmark_subtask_2.py,juanbermeo,FINISHED,model_wide,0.9,fr,0.95,1,0.05,0.001,SVC(),independent,405,1,1,fr_core_news_sm,True,title_and_first_sentence_each_paragraph,0.04372457607751725,0.022071346991512187,0.10627606425240697,0.010057195418610877,0.24943632156746912,0.02226115080037616,0.20958049886621313,0.04550293585410963,0.8741526672561156,0.06183561620585913,0.07766984160004754,0.005380184673895123,0.1456216739235607,0.01409379972032955
2022-11-08 07:57:15,33ms,ccef09a4920d4974b3129b05a40574ed,loud-seal-865,LOCAL,/home/juanbermeo/SynologyDriveRA/Framing/benchmark_subtask_2.py,juanbermeo,FINISHED,model_wide,0.9,fr,0.95,1,0.05,0.001,RidgeClassifier(),independent,405,1,1,fr_core_news_sm,True,title_and_first_sentence_each_paragraph,0.07602724073312309,0.0024133076269629706,0.1969965410147331,0.012772877506161276,0.37352630842166185,0.017141765330483807,0.37011741565312994,0.04903533445569436,0.7300785634118968,0.037852798998967555,0.1512495156912306,0.009471459326796662,0.25096758587324625,0.011019351055471967
2022-11-08 07:57:15,33ms,ac9d132dabc6492a9c3fa99c5e764734,welcoming-bug-482,LOCAL,/home/juanbermeo/SynologyDriveRA/Framing/benchmark_subtask_2.py,juanbermeo,FINISHED,model_wide,0.9,fr,0.95,1,0.05,0.001,"LogisticRegression(l1_ratio=0.5, penalty='elasticnet', solver='saga')",independent,405,1,1,fr_core_news_sm,True,title_and_first_sentence_each_paragraph,0.01818181818181818,0.025712973861329,0.06564592089937712,0.010795985164653975,0.16156090022215783,0.02312921780421727,0.15043290043290042,0.010713739108887087,0.9444444444444445,0.0785674201318386,0.04672414732483382,0.009865198203601641,0.08865505563618771,0.013889927471806854
2022-11-08 07:57:15,34ms,d3eb166226ff417e969dd2e6aeac75e0,enthused-fowl-2,LOCAL,/home/juanbermeo/SynologyDriveRA/Framing/benchmark_subtask_2.py,juanbermeo,FINISHED,model_wide,0.9,fr,0.95,1,0.05,0.001,"LogisticRegression(penalty='l1', solver='liblinear')",independent,405,1,1,fr_core_news_sm,True,title_and_first_sentence_each_paragraph,0.024717765894236483,0.022559331193237987,0.08630470136772657,0.0055134856166339855,0.18501914163287972,0.01679262183227706,0.24603174603174605,0.03130771263375073,0.9090177133655395,0.09221726070432827,0.059415089106164616,0.006528288459773111,0.10345105628124496,0.011425323296859786
2022-11-08 07:57:15,33ms,5148f2db16f34851aa22f1a7ca1b7800,nebulous-midge-771,LOCAL,/home/juanbermeo/SynologyDriveRA/Framing/benchmark_subtask_2.py,juanbermeo,FINISHED,model_wide,0.9,fr,0.95,1,0.05,0.001,LogisticRegression(),independent,405,1,1,fr_core_news_sm,True,title_and_first_sentence_each_paragraph,0.050134832487773666,0.01597823418930587,0.09904871039324821,0.0012090161729262452,0.24626069920187565,0.010667672591381403,0.17621664050235478,0.026923191344022743,0.8830049261083742,0.08276619521205236,0.0747352983909048,0.006411454373239408,0.1435252378648605,0.008923615760204437
